Export_country,Import_country,Distance,Distance capital,Distance weighted with popuation,Distance weighted with population_1
Austria,Austria,108.9196,108.9196,153.2575,62.76521
Austria,Belgium,914.4633,914.4633,858.1682,840.9505
Austria,Brazil,10146.47,9534.888,9478.487,9395.406
Austria,Canada,6922.538,6573.097,7070.077,6991.415
Austria,China (mainland),7468.012,7468.012,7929.167,7904.206
Austria,Germany,763.7314,523.9359,592.3266,529.5919
Austria,Spain,1811.999,1811.999,1703.055,1628.711
Austria,France,1035.144,1035.144,975.7691,920.6031
Austria,United Kingdom,1238.199,1238.199,1290.561,1267.391
Austria,Indonesia,10553.88,10553.88,10653.67,10623.51
Austria,India,5571.096,5571.096,6155.084,6118.731
Austria,Iran,3184.971,3184.971,3348.021,3308.603
Austria,Italy,767.4132,767.4132,700.9222,618.7315
Austria,Japan,9141.063,9141.063,9110.66,9106.568
Austria,South Korea,8289.029,8289.029,8469.964,8466.319
Austria,Mexico,10163.51,10163.51,10003.11,9996.638
Austria,Malaysia,9410.919,9410.919,9626.781,9611.155
Austria,Netherlands,934.7828,934.7828,864.5513,853.012
Austria,Russia,1675.699,1675.699,2527.123,2176.779
Austria,Slovakia,59.61723,59.61723,294.7693,174.622
Austria,Sweden,1242.31,1242.31,1228.473,1194.509
Austria,Taiwan,9003.64,9003.64,9127.573,9125.474
Austria,Ukraine,1052.484,1052.484,1338.286,1257.717
Austria,United States,6798.701,7129.667,8124.255,7946.586
Austria,Vietnam,8254.594,8254.594,8966.116,8946.964
Austria,South Africa,9145.618,8314.978,8653.429,8640.589
Belgium,Austria,914.4633,914.4633,858.1682,840.9505
Belgium,Belgium,68.44467,68.44467,66.77504,50.03627
Belgium,Brazil,9665.722,8984.677,9067.367,8977.309
Belgium,Canada,6031.534,5680.899,6267.681,6166.93
Belgium,China (mainland),7970.82,7970.82,8370.61,8346.519
Belgium,Germany,196.8761,653.1423,423.3463,325.7056
Belgium,Spain,1316.64,1316.64,1356.567,1299.581
Belgium,France,262.3845,262.3845,526.3351,378.6807
Belgium,United Kingdom,323.7796,323.7796,448.2817,399.5528
Belgium,Indonesia,11416.28,11416.28,11419.33,11393.79
Belgium,India,6419.599,6419.599,6947.939,6916.634
Belgium,Iran,4088.119,4088.119,4177.173,4148.886
Belgium,Italy,1174.904,1174.904,1087.702,995.9626
Belgium,Japan,9463.263,9463.263,9371.254,9368.437
Belgium,South Korea,8722.114,8722.114,8817.223,8815.202
Belgium,Mexico,9259.353,9259.353,9163.235,9157.327
Belgium,Malaysia,10261.22,10261.22,10376.13,10364.83
Belgium,Netherlands,173.0333,173.0333,160.9283,141.4463
Belgium,Russia,2261.25,2261.25,3010.804,2694.645
Belgium,Slovakia,971.336,971.336,1083.666,1072.437
Belgium,Sweden,1283.716,1283.716,1151.5,1103.572
Belgium,Taiwan,9587.026,9587.026,9629.656,9629.126
Belgium,Ukraine,1837.307,1837.307,2073.167,2029.986
Belgium,United States,5891.711,6222.864,7302.655,7096.715
Belgium,Vietnam,8989.95,8989.95,9644.942,9626.694
Belgium,South Africa,9535.728,8838.753,9169.502,9159.605
Brazil,Austria,10146.47,9534.888,9478.487,9395.406
Brazil,Belgium,9665.722,8984.677,9067.367,8977.309
Brazil,Brazil,1097.356,1097.356,1157.494,144.831
Brazil,Canada,8191.353,7366.274,8458.686,8219.514
Brazil,China (mainland),17614.3,16948.04,17235.78,17182.31
Brazil,Germany,9847.663,9601.955,9395.881,9306.738
Brazil,Spain,8389.78,7743.538,7821.086,7696.928
Brazil,France,9408.406,8732.79,8681.18,8584.978
Brazil,United Kingdom,9501.71,8797.828,8931.505,8837.089
Brazil,Indonesia,15644.48,16326.22,16024.37,15994.88
Brazil,India,14441.49,14251.55,13949.72,13908.2
Brazil,Iran,12210.63,11863.16,11728.98,11672.9
Brazil,Italy,9482.516,8913.18,8940.465,8855.038
Brazil,Japan,18549.61,17693.2,17981.98,17931.71
Brazil,South Korea,18364.51,17565.08,17793.04,17741.18
Brazil,Mexico,7439.636,6841.765,7621.778,7513.794
Brazil,Malaysia,15940.63,16420.49,16193.42,16164.04
Brazil,Netherlands,9810.82,9121.226,9200.433,9111.224
Brazil,Russia,11820.15,11192.67,11942.46,11770.14
Brazil,Slovakia,10191.96,9583.929,9752.413,9672.648
Brazil,Sweden,10936.15,10235.23,10185.49,10099.92
Brazil,Taiwan,18821.26,18523.81,18260.39,18232.16
Brazil,Ukraine,11155.24,10568.55,10689.79,10615.94
Brazil,United States,7694.307,6794.436,8088.514,7887.2
Brazil,Vietnam,17191.68,17207.4,16837.64,16820.94
Brazil,South Africa,6355.119,7900.19,7342.994,7280.527
Canada,Austria,6922.538,6573.097,7070.077,6991.416
Canada,Belgium,6031.534,5680.899,6267.681,6166.93
Canada,Brazil,8191.353,7366.274,8458.686,8219.514
Canada,Canada,1187.996,1187.996,1485.636,165.6877
Canada,China (mainland),10598.32,10458.92,10428.4,10300.58
Canada,Germany,6160.559,6134.981,6541.714,6454.213
Canada,Spain,6040.498,5695.349,6519.997,6357.972
Canada,France,6004.645,5653.213,6454.269,6326.645
Canada,United Kingdom,5715.747,5364.799,5849.772,5734.132
Canada,Indonesia,15815.39,15654.81,14951.85,14873.65
Canada,India,11643.63,11349.87,12051.14,12020.57
Canada,Iran,9900.537,9563.885,9978.513,9950.342
Canada,Italy,7089.198,6737.826,7269.783,7159.589
Canada,Japan,10358.49,10330.62,9756.434,9599.364
Canada,South Korea,10617.7,10528.16,10032.81,9919.805
Canada,Mexico,3267.29,3609.244,3442.775,3373.224
Canada,Malaysia,14825.78,14623.82,14119.47,14062.35
Canada,Netherlands,5988.239,5638.61,6237.395,6142.717
Canada,Russia,7495.521,7169.651,7819.133,7756.969
Canada,Slovakia,6973.962,6624.73,7220.953,7153.504
Canada,Sweden,6335.357,6000.775,6347.801,6295.129
Canada,Taiwan,12090.98,11994.6,11526.46,11428.16
Canada,Ukraine,7564.316,7224.076,7892.484,7847.058
Canada,United States,548.3946,737.0425,2079.297,1154.531
Canada,Vietnam,12816.55,12637.78,12955.35,12878.74
Canada,South Africa,13117.46,13075.43,14065.19,13942.26
China (mainland),Austria,7468.012,7468.012,7929.168,7904.206
China (mainland),Belgium,7970.82,7970.82,8370.61,8346.519
China (mainland),Brazil,17614.3,16948.04,17235.78,17182.31
China (mainland),Canada,10598.32,10458.92,10428.4,10300.58
China (mainland),China (mainland),1163.707,1163.707,1018.071,305.7395
China (mainland),Germany,7785.342,7363.33,8031.667,8003.2
China (mainland),Spain,9232.299,9232.299,9592.113,9559.116
China (mainland),France,8225.232,8225.232,8742.565,8716.882
China (mainland),United Kingdom,8151.353,8151.353,8539.15,8513.196
China (mainland),Indonesia,5220.879,5220.879,4684.441,4562.061
China (mainland),India,3785.013,3785.013,4204.048,4046.001
China (mainland),Iran,5609.038,5609.038,5864.218,5811.084
China (mainland),Italy,8134.695,8134.695,8466.925,8444.155
China (mainland),Japan,2098.111,2098.111,1974.968,1816.706
China (mainland),South Korea,955.6511,955.6511,1168.165,999.2522
China (mainland),Mexico,12467.17,12467.17,12411.55,12332.45
China (mainland),Malaysia,4355.047,4355.047,3879.04,3736.573
China (mainland),Netherlands,7831.141,7831.141,8242.414,8217.513
China (mainland),Russia,5795.045,5795.045,5506.708,4984.132
China (mainland),Slovakia,7422.387,7422.387,7654.48,7629.104
China (mainland),Sweden,6713.787,6713.787,7276.972,7242.086
China (mainland),Taiwan,1718.106,1718.106,1490.694,1274.512
China (mainland),Ukraine,6460.799,6460.799,6722.159,6687.634
China (mainland),United States,10993.68,11159.25,11183.43,11099.8
China (mainland),Vietnam,2330.799,2330.799,2664.699,2345.954
China (mainland),South Africa,12967.77,11674.59,11875.3,11820.34
Germany,Austria,763.7314,523.9359,592.3267,529.5919
Germany,Belgium,196.8761,653.1423,423.3463,325.7056
Germany,Brazil,9847.663,9601.955,9395.881,9306.738
Germany,Canada,6160.559,6134.981,6541.714,6454.213
Germany,China (mainland),7785.342,7363.33,8031.667,8003.2
Germany,Germany,224.8358,224.8358,301.0826,129.6204
Germany,Spain,1479.332,1873.129,1627.346,1550.94
Germany,France,439.8984,880.187,789.5815,682.0841
Germany,United Kingdom,495.3633,936.1019,808.641,752.69
Germany,Indonesia,11227.22,10783.79,11030.03,11000.95
Germany,India,6229.637,5785.567,6565.789,6528.24
Germany,Iran,3914.946,3512.118,3811.351,3773.798
Germany,Italy,1146.023,1187.299,1013.826,889.9425
Germany,Japan,9298.341,8927.671,9086.037,9079.584
Germany,South Korea,8543.784,8139.991,8503.73,8497.744
Germany,Mexico,9399.781,9739.229,9475.768,9467.1
Germany,Malaysia,10070.46,9623.965,9986.959,9972.264
Germany,Netherlands,173.5239,577.8569,379.1754,281.7572
Germany,Russia,2065.183,1614.179,2654.584,2290.932
Germany,Slovakia,817.4212,553.9702,751.6134,709.1596
Germany,Sweden,1118.929,810.3746,929.3204,826.5554
Germany,Taiwan,9396.126,8958.811,9275.322,9271.306
Germany,Ukraine,1646.271,1204.434,1695.696,1622.575
Germany,United States,6035.334,6717.542,7595.452,7405.775
Germany,Vietnam,8793.074,8337.11,9259.051,9236.968
Germany,South Africa,9571.156,8828.848,9110.947,9096.961
Spain,Austria,1811.999,1811.999,1703.055,1628.711
Spain,Belgium,1316.64,1316.64,1356.567,1299.581
Spain,Brazil,8389.78,7743.538,7821.087,7696.928
Spain,Canada,6040.498,5695.349,6519.997,6357.972
Spain,China (mainland),9232.299,9232.299,9592.113,9559.116
Spain,Germany,1479.332,1873.129,1627.346,1550.94
Spain,Spain,267.5404,267.5404,462.5217,125.351
Spain,France,1054.656,1054.656,958.838,817.1057
Spain,United Kingdom,1263.379,1263.379,1435.419,1369.098
Spain,Indonesia,12188.31,12188.31,12160.97,12125.58
Spain,India,7282.046,7282.046,7645.239,7605.157
Spain,Iran,4784.696,4784.696,4789.652,4741.178
Spain,Italy,1366.76,1366.76,1325.827,1219.245
Spain,Japan,10777.42,10777.42,10684.76,10671.17
Spain,South Korea,10012.64,10012.64,10101.71,10087.7
Spain,Mexico,9073.951,9073.951,9144.438,9131.799
Spain,Malaysia,11084.66,11084.66,11174.05,11149.57
Spain,Netherlands,1481.366,1481.366,1500.836,1446.738
Spain,Russia,3449.3,3449.3,4180.506,3901.271
Spain,Slovakia,1865.664,1865.664,1986.511,1924.331
Spain,Sweden,2596.908,2596.908,2486.548,2426.659
Spain,Taiwan,10804.02,10804.02,10814.53,10802.21
Spain,Ukraine,2863.877,2863.877,3004.592,2941.258
Spain,United States,5770.264,6092.003,7437.157,7176.146
Spain,Vietnam,10053.22,10053.22,10603.31,10578.46
Spain,South Africa,8582.782,8070.031,8283.678,8270.088
France,Austria,1035.144,1035.144,975.7691,920.6031
France,Belgium,262.3845,262.3845,526.3351,378.6808
France,Brazil,9408.406,8732.79,8681.18,8584.978
France,Canada,6004.645,5653.213,6454.269,6326.645
France,China (mainland),8225.232,8225.232,8742.565,8716.882
France,Germany,439.8984,880.187,789.5815,682.0841
France,Spain,1054.656,1054.656,958.838,817.1057
France,France,278.1876,278.1876,408.9603,161.4058
France,United Kingdom,342.9475,342.9475,749.6503,598.5457
France,Indonesia,11584.25,11584.25,11576.7,11547.48
France,India,6594.23,6594.23,7073.011,7038.913
France,Iran,4218.442,4218.442,4250.649,4213.445
France,Italy,1109.901,1109.901,891.5286,712.8497
France,Japan,9725.629,9725.629,9803.116,9796.54
France,South Korea,8981.467,8981.467,9225.815,9220.22
France,Mexico,9206.813,9206.813,9276.133,9264.167
France,Malaysia,10436.4,10436.4,10553.12,10537.39
France,Netherlands,427.9169,427.9169,660.9895,556.2308
France,Russia,2494.316,2494.316,3350.928,3049.666
France,Slovakia,1094.61,1094.61,1247.716,1213.423
France,Sweden,1545.797,1545.797,1616.322,1550.527
France,Taiwan,9834.232,9834.232,9980.066,9976.811
France,Ukraine,2025.144,2025.144,2275.21,2226.3
France,United States,5838.157,6169.154,7456.767,7227.043
France,Vietnam,9208.554,9208.554,9888.428,9869.467
France,South Africa,9353.552,8692.812,8769.679,8750.608
United Kingdom,Austria,1238.199,1238.199,1290.561,1267.391
United Kingdom,Belgium,323.7796,323.7796,448.2817,399.5527
United Kingdom,Brazil,9501.71,8797.828,8931.505,8837.089
United Kingdom,Canada,5715.747,5364.799,5849.772,5734.132
United Kingdom,China (mainland),8151.353,8151.353,8539.15,8513.196
United Kingdom,Germany,495.3633,936.1019,808.641,752.69
United Kingdom,Spain,1263.379,1263.379,1435.419,1369.098
United Kingdom,France,342.9475,342.9475,749.6503,598.5457
United Kingdom,United Kingdom,185.8346,185.8346,217.4439,86.15405
United Kingdom,Indonesia,11718.78,11718.78,11766.46,11742.24
United Kingdom,India,6720.636,6720.636,7324.15,7292.99
United Kingdom,Iran,4408.013,4408.013,4583.818,4556.252
United Kingdom,Italy,1438.425,1438.425,1487.006,1399.13
United Kingdom,Japan,9574.237,9574.237,9436.248,9431.94
United Kingdom,South Korea,8875.39,8875.39,8931.778,8928.762
United Kingdom,Mexico,8938.404,8938.404,8734.489,8726.294
United Kingdom,Malaysia,10559.89,10559.89,10714.89,10704.7
United Kingdom,Netherlands,360.315,360.315,467.948,436.0208
United Kingdom,Russia,2510.88,2510.88,3266.609,2972.27
United Kingdom,Slovakia,1294.938,1294.938,1502.94,1487.425
United Kingdom,Sweden,1437.571,1437.571,1292.802,1255.961
United Kingdom,Taiwan,9790.424,9790.424,9823.558,9822.446
United Kingdom,Ukraine,2137.511,2137.511,2450.889,2412.67
United Kingdom,United States,5570.161,5901.343,6878.493,6655.415
United Kingdom,Vietnam,9248.713,9248.713,9941.448,9922.318
United Kingdom,South Africa,9681.689,9033.48,9488.882,9476.756
Indonesia,Austria,10553.88,10553.88,10653.67,10623.51
Indonesia,Belgium,11416.28,11416.28,11419.33,11393.79
Indonesia,Brazil,15644.48,16326.22,16024.37,15994.88
Indonesia,Canada,15815.39,15654.81,14951.85,14873.65
Indonesia,China (mainland),5220.879,5220.879,4684.441,4562.061
Indonesia,Germany,11227.22,10783.79,11030.03,11000.95
Indonesia,Spain,12188.31,12188.31,12160.97,12125.58
Indonesia,France,11584.25,11584.25,11576.7,11547.48
Indonesia,United Kingdom,11718.78,11718.78,11766.46,11742.24
Indonesia,Indonesia,523.0264,523.0264,716.3723,120.8425
Indonesia,India,4998.229,4998.229,4574.944,4445.513
Indonesia,Iran,7411.062,7411.062,7394.289,7330.886
Indonesia,Italy,10823.78,10823.78,10902.43,10869.4
Indonesia,Japan,5791.627,5791.627,5481.534,5443.457
Indonesia,South Korea,5291.684,5291.684,5081.576,5063.601
Indonesia,Mexico,16863.46,16863.46,16272.36,16234.13
Indonesia,Malaysia,1174.196,1174.196,1306.636,1053.754
Indonesia,Netherlands,11361.64,11361.64,11346.36,11320.98
Indonesia,Russia,9302.706,9302.706,8698.131,8560.525
Indonesia,Slovakia,10494.27,10494.27,10378.76,10348.28
Indonesia,Sweden,10528.27,10528.27,10632.05,10605.43
Indonesia,Taiwan,3825.405,3825.405,3584.592,3560.061
Indonesia,Ukraine,9581.404,9581.404,9359.695,9319.266
Indonesia,United States,16180.32,16371.12,15535.87,15476.45
Indonesia,Vietnam,3023.314,3023.314,2226.403,2082.434
Indonesia,South Africa,9478.355,8573.012,8934.844,8897.848
India,Austria,5571.096,5571.096,6155.083,6118.732
India,Belgium,6419.599,6419.599,6947.939,6916.634
India,Brazil,14441.49,14251.55,13949.72,13908.2
India,Canada,11643.63,11349.87,12051.14,12020.57
India,China (mainland),3785.013,3785.013,4204.047,4046.001
India,Germany,6229.637,5785.567,6565.789,6528.24
India,Spain,7282.046,7282.046,7645.239,7605.157
India,France,6594.23,6594.23,7073.011,7038.913
India,United Kingdom,6720.636,6720.636,7324.15,7292.99
India,Indonesia,4998.229,4998.229,4574.944,4445.513
India,India,681.9816,681.9816,868.5674,235.0309
India,Iran,2544.592,2544.592,2915.659,2805.66
India,Italy,5922.222,5922.222,6388.826,6352.288
India,Japan,5847.71,5847.71,6003.253,5945.685
India,South Korea,4692.672,4692.672,5108.001,5055.012
India,Mexico,14673.66,14673.66,15076.04,15037.92
India,Malaysia,3842.43,3842.43,3610.29,3502.011
India,Netherlands,6363.421,6363.421,6890.324,6858.228
India,Russia,4341.881,4341.881,4628.077,4494.664
India,Slovakia,5511.714,5511.714,5888.319,5850.416
India,Sweden,5574.222,5574.222,6308.107,6267.688
India,Taiwan,4393.583,4393.583,4508.788,4456.134
India,Ukraine,4583.481,4583.481,4898.957,4838.656
India,United States,11761.81,12059.81,13131.91,13076.46
India,Vietnam,3006.763,3006.763,3329.87,3252.258
India,South Africa,9310.96,8000.751,7857.113,7792.628
Iran,Austria,3184.971,3184.971,3348.021,3308.603
Iran,Belgium,4088.119,4088.119,4177.172,4148.886
Iran,Brazil,12210.63,11863.16,11728.98,11672.9
Iran,Canada,9900.537,9563.885,9978.513,9950.343
Iran,China (mainland),5609.038,5609.038,5864.218,5811.084
Iran,Germany,3914.946,3512.118,3811.351,3773.798
Iran,Spain,4784.696,4784.696,4789.652,4741.178
Iran,France,4218.442,4218.442,4250.649,4213.445
Iran,United Kingdom,4408.013,4408.013,4583.818,4556.252
Iran,Indonesia,7411.062,7411.062,7394.289,7330.886
Iran,India,2544.592,2544.592,2915.659,2805.66
Iran,Iran,482.8648,482.8648,494.1463,133.347
Iran,Italy,3417.937,3417.937,3536.223,3490.787
Iran,Japan,7672.881,7672.881,7542.874,7525.389
Iran,South Korea,6562.448,6562.448,6677.31,6662.005
Iran,Mexico,13163.93,13163.93,13073.69,13057.93
Iran,Malaysia,6300.096,6300.096,6415.507,6368.188
Iran,Netherlands,4071.167,4071.167,4141.796,4113.519
Iran,Russia,2466.589,2466.589,2693.442,2509.75
Iran,Slovakia,3125.928,3125.928,3099.809,3058.573
Iran,Sweden,3566.229,3566.229,3765.084,3735.173
Iran,Taiwan,6695.339,6695.339,6701.032,6684.999
Iran,Ukraine,2349.756,2349.756,2206.66,2124.324
Iran,United States,9865.231,10191.14,11098.36,11003.46
Iran,Vietnam,5502.821,5502.821,5971.439,5936.052
Iran,South Africa,8471.103,7256.418,7571.688,7537.13
Italy,Austria,767.4132,767.4132,700.9222,618.7315
Italy,Belgium,1174.904,1174.904,1087.702,995.9626
Italy,Brazil,9482.516,8913.18,8940.465,8855.038
Italy,Canada,7089.198,6737.826,7269.783,7159.589
Italy,China (mainland),8134.695,8134.695,8466.926,8444.155
Italy,Germany,1146.023,1187.299,1013.826,889.9425
Italy,Spain,1366.76,1366.76,1325.827,1219.245
Italy,France,1109.901,1109.901,891.5286,712.8497
Italy,United Kingdom,1438.425,1438.425,1487.006,1399.13
Italy,Indonesia,10823.78,10823.78,10902.43,10869.4
Italy,India,5922.222,5922.222,6388.826,6352.288
Italy,Iran,3417.937,3417.937,3536.223,3490.787
Italy,Italy,206.4667,206.4667,407.5189,168.0636
Italy,Japan,9869.275,9869.275,9710.689,9706.069
Italy,South Korea,8982.659,8982.659,9047.517,9043.907
Italy,Mexico,10254.87,10254.87,10108.35,10095.18
Italy,Malaysia,9717.922,9717.922,9907.099,9887.72
Italy,Netherlands,1297.695,1297.695,1174.921,1092.614
Italy,Russia,2383.171,2383.171,3101.445,2798.584
Italy,Slovakia,789.4631,789.4631,906.8877,863.0097
Italy,Sweden,1980.122,1980.122,1833.431,1772.384
Italy,Taiwan,9614.098,9614.098,9631.883,9630.214
Italy,Ukraine,1674.773,1674.773,1810.01,1765.606
Italy,United States,6895.107,7224.739,8284.006,8076.798
Italy,Vietnam,8741.851,8741.851,9337.082,9320.302
Italy,South Africa,8460.335,7697.383,8134.674,8110.853
Japan,Austria,9141.063,9141.063,9110.659,9106.568
Japan,Belgium,9463.263,9463.263,9371.254,9368.437
Japan,Brazil,18549.61,17693.2,17981.98,17931.71
Japan,Canada,10358.49,10330.62,9756.434,9599.364
Japan,China (mainland),2098.111,2098.111,1974.968,1816.706
Japan,Germany,9298.341,8927.671,9086.037,9079.584
Japan,Spain,10777.42,10777.42,10684.76,10671.17
Japan,France,9725.629,9725.629,9803.116,9796.539
Japan,United Kingdom,9574.237,9574.237,9436.248,9431.94
Japan,Indonesia,5791.627,5791.627,5481.534,5443.457
Japan,India,5847.71,5847.71,6003.253,5945.685
Japan,Iran,7672.881,7672.881,7542.874,7525.389
Japan,Italy,9869.275,9869.275,9710.69,9706.069
Japan,Japan,231.188,231.188,391.786,83.09705
Japan,South Korea,1156.67,1156.67,951.7373,843.8443
Japan,Mexico,11312.39,11312.39,11098.87,11044.71
Japan,Malaysia,5329.095,5329.095,4967.821,4913.138
Japan,Netherlands,9303.377,9303.377,9228.859,9225.791
Japan,Russia,7486.303,7486.303,6683.27,6034.677
Japan,Slovakia,9104.249,9104.249,8860.199,8856.159
Japan,Sweden,8180.65,8180.65,8226.76,8217.302
Japan,Taiwan,2103.047,2103.047,2033.312,1966.245
Japan,Ukraine,8215.83,8215.83,8040.759,8031.861
Japan,United States,10855.59,10918.79,10286.19,10193.96
Japan,Vietnam,3672.564,3672.564,3902.722,3843.984
Japan,South Africa,14746.39,13517.0,13617.97,13594.8
South Korea,Austria,8289.029,8289.029,8469.964,8466.319
South Korea,Belgium,8722.114,8722.114,8817.223,8815.203
South Korea,Brazil,18364.51,17565.08,17793.04,17741.18
South Korea,Canada,10617.7,10528.16,10032.81,9919.805
South Korea,China (mainland),955.6511,955.6511,1168.165,999.2522
South Korea,Germany,8543.784,8139.991,8503.73,8497.744
South Korea,Spain,10012.64,10012.64,10101.71,10087.7
South Korea,France,8981.467,8981.467,9225.815,9220.22
South Korea,United Kingdom,8875.39,8875.39,8931.778,8928.762
South Korea,Indonesia,5291.684,5291.684,5081.576,5063.601
South Korea,India,4692.672,4692.672,5108.001,5055.012
South Korea,Iran,6562.448,6562.448,6677.31,6662.005
South Korea,Italy,8982.659,8982.659,9047.517,9043.907
South Korea,Japan,1156.67,1156.67,951.7373,843.8443
South Korea,South Korea,118.6343,118.6343,154.9785,55.62441
South Korea,Mexico,12066.01,12066.01,11711.42,11669.87
South Korea,Malaysia,4614.067,4614.067,4418.149,4395.557
South Korea,Netherlands,8573.183,8573.183,8679.861,8677.605
South Korea,Russia,6614.064,6614.064,6009.905,5304.06
South Korea,Slovakia,8246.657,8246.657,8205.849,8202.305
South Korea,Sweden,7445.181,7445.181,7682.775,7674.148
South Korea,Taiwan,1475.758,1475.758,1520.398,1507.086
South Korea,Ukraine,7309.346,7309.346,7327.559,7318.468
South Korea,United States,11065.7,11185.97,10682.86,10624.66
South Korea,Vietnam,2740.135,2740.135,3257.774,3207.427
South Korea,South Africa,13723.41,12457.03,12792.46,12774.99
Mexico,Austria,10163.51,10163.51,10003.11,9996.639
Mexico,Belgium,9259.353,9259.353,9163.235,9157.327
Mexico,Brazil,7439.636,6841.765,7621.779,7513.793
Mexico,Canada,3267.29,3609.244,3442.775,3373.224
Mexico,China (mainland),12467.17,12467.17,12411.55,12332.45
Mexico,Germany,9399.781,9739.229,9475.768,9467.1
Mexico,Spain,9073.951,9073.951,9144.438,9131.799
Mexico,France,9206.813,9206.813,9276.133,9264.167
Mexico,United Kingdom,8938.404,8938.404,8734.488,8726.294
Mexico,Indonesia,16863.46,16863.46,16272.36,16234.13
Mexico,India,14673.66,14673.66,15076.04,15037.92
Mexico,Iran,13163.93,13163.93,13073.69,13057.93
Mexico,Italy,10254.87,10254.87,10108.35,10095.18
Mexico,Japan,11312.39,11312.39,11098.87,11044.71
Mexico,South Korea,12066.01,12066.01,11711.42,11669.87
Mexico,Mexico,527.5446,527.5446,706.2287,77.51527
Mexico,Malaysia,16641.12,16641.12,16024.15,15982.06
Mexico,Netherlands,9229.362,9229.362,9153.143,9146.999
Mexico,Russia,10736.3,10736.3,10815.05,10778.4
Mexico,Slovakia,10216.82,10216.82,10185.72,10179.21
Mexico,Sweden,9597.715,9597.715,9357.389,9347.76
Mexico,Taiwan,13405.0,13405.0,13123.62,13085.85
Mexico,Ukraine,10831.55,10831.55,10933.32,10919.63
Mexico,United States,3369.053,3037.916,2468.405,1623.72
Mexico,Vietnam,14772.0,14772.0,14939.15,14896.75
Mexico,South Africa,13719.26,14615.26,14785.83,14753.67
Malaysia,Austria,9410.919,9410.919,9626.781,9611.155
Malaysia,Belgium,10261.22,10261.22,10376.13,10364.83
Malaysia,Brazil,15940.63,16420.49,16193.42,16164.04
Malaysia,Canada,14825.78,14623.82,14119.47,14062.35
Malaysia,China (mainland),4355.047,4355.047,3879.04,3736.573
Malaysia,Germany,10070.46,9623.965,9986.959,9972.264
Malaysia,Spain,11084.66,11084.66,11174.05,11149.57
Malaysia,France,10436.4,10436.4,10553.12,10537.39
Malaysia,United Kingdom,10559.89,10559.89,10714.89,10704.7
Malaysia,Indonesia,1174.196,1174.196,1306.636,1053.754
Malaysia,India,3842.43,3842.43,3610.29,3502.011
Malaysia,Iran,6300.096,6300.096,6415.507,6368.188
Malaysia,Italy,9717.922,9717.922,9907.099,9887.72
Malaysia,Japan,5329.095,5329.095,4967.821,4913.137
Malaysia,South Korea,4614.067,4614.067,4418.149,4395.557
Malaysia,Mexico,16641.12,16641.12,16024.15,15982.06
Malaysia,Malaysia,215.9889,215.9889,556.2358,65.40842
Malaysia,Netherlands,10201.5,10201.5,10298.82,10287.85
Malaysia,Russia,8130.454,8130.454,7647.654,7520.277
Malaysia,Slovakia,9351.424,9351.424,9348.404,9332.911
Malaysia,Sweden,9354.846,9354.846,9568.984,9557.659
Malaysia,Taiwan,3237.547,3237.547,2968.969,2923.841
Malaysia,Ukraine,8424.244,8424.244,8323.441,8298.929
Malaysia,United States,15130.12,15357.34,14859.51,14818.76
Malaysia,Vietnam,2040.94,2040.94,1361.233,1217.886
Malaysia,South Africa,9588.708,8523.575,8994.414,8949.459
Netherlands,Austria,934.7828,934.7828,864.5513,853.012
Netherlands,Belgium,173.0333,173.0333,160.9283,141.4463
Netherlands,Brazil,9810.82,9121.226,9200.433,9111.224
Netherlands,Canada,5988.239,5638.61,6237.395,6142.717
Netherlands,China (mainland),7831.141,7831.141,8242.414,8217.513
Netherlands,Germany,173.5239,577.8569,379.1754,281.7572
Netherlands,Spain,1481.366,1481.366,1500.836,1446.738
Netherlands,France,427.9169,427.9169,660.9895,556.2308
Netherlands,United Kingdom,360.315,360.315,467.948,436.0208
Netherlands,Indonesia,11361.64,11361.64,11346.36,11320.98
Netherlands,India,6363.421,6363.421,6890.324,6858.228
Netherlands,Iran,4071.167,4071.167,4141.796,4113.519
Netherlands,Italy,1297.695,1297.695,1174.921,1092.614
Netherlands,Japan,9303.377,9303.377,9228.859,9225.791
Netherlands,South Korea,8573.183,8573.183,8679.86,8677.605
Netherlands,Mexico,9229.362,9229.362,9153.143,9146.999
Netherlands,Malaysia,10201.5,10201.5,10298.82,10287.85
Netherlands,Netherlands,76.95715,76.95715,79.86247,51.36435
Netherlands,Russia,2155.229,2155.229,2899.719,2573.45
Netherlands,Slovakia,987.487,987.487,1059.149,1049.467
Netherlands,Sweden,1128.93,1128.93,1009.396,952.2878
Netherlands,Taiwan,9457.249,9457.249,9505.849,9505.139
Netherlands,Ukraine,1781.716,1781.716,2011.598,1966.749
Netherlands,United States,5866.046,6196.851,7281.814,7081.953
Netherlands,Vietnam,8892.063,8892.063,9549.609,9530.631
Netherlands,South Africa,9693.594,8981.913,9279.857,9269.749
Russia,Austria,1675.699,1675.699,2527.123,2176.779
Russia,Belgium,2261.25,2261.25,3010.804,2694.646
Russia,Brazil,11820.15,11192.67,11942.46,11770.14
Russia,Canada,7495.521,7169.651,7819.133,7756.969
Russia,China (mainland),5795.045,5795.045,5506.709,4984.132
Russia,Germany,2065.183,1614.179,2654.584,2290.933
Russia,Spain,3449.3,3449.3,4180.506,3901.271
Russia,France,2494.316,2494.316,3350.928,3049.666
Russia,United Kingdom,2510.88,2510.88,3266.609,2972.27
Russia,Indonesia,9302.706,9302.706,8698.131,8560.525
Russia,India,4341.881,4341.881,4628.077,4494.664
Russia,Iran,2466.589,2466.589,2693.442,2509.75
Russia,Italy,2383.171,2383.171,3101.445,2798.584
Russia,Japan,7486.303,7486.303,6683.27,6034.677
Russia,South Korea,6614.064,6614.064,6009.905,5304.06
Russia,Mexico,10736.3,10736.3,10815.05,10778.4
Russia,Malaysia,8130.454,8130.454,7647.654,7520.277
Russia,Netherlands,2155.229,2155.229,2899.719,2573.45
Russia,Russia,1554.244,1554.244,1366.106,205.0268
Russia,Slovakia,1632.621,1632.621,2264.875,1895.26
Russia,Sweden,1232.383,1232.383,2081.843,1622.13
Russia,Taiwan,7356.632,7356.632,6695.654,6372.034
Russia,Ukraine,763.4056,763.4056,1557.259,1081.068
Russia,United States,7517.972,7834.547,8915.321,8795.135
Russia,Vietnam,6737.911,6737.911,6790.411,6586.911
Russia,South Africa,10147.89,9113.282,9782.655,9715.083
Slovakia,Austria,59.61723,59.61723,294.7693,174.622
Slovakia,Belgium,971.336,971.336,1083.666,1072.437
Slovakia,Brazil,10191.96,9583.929,9752.412,9672.648
Slovakia,Canada,6973.962,6624.73,7220.953,7153.504
Slovakia,China (mainland),7422.387,7422.387,7654.48,7629.104
Slovakia,Germany,817.4212,553.9702,751.6134,709.1596
Slovakia,Spain,1865.664,1865.664,1986.511,1924.331
Slovakia,France,1094.61,1094.61,1247.716,1213.423
Slovakia,United Kingdom,1294.938,1294.938,1502.94,1487.425
Slovakia,Indonesia,10494.27,10494.27,10378.76,10348.28
Slovakia,India,5511.714,5511.714,5888.319,5850.416
Slovakia,Iran,3125.928,3125.928,3099.809,3058.573
Slovakia,Italy,789.4631,789.4631,906.8877,863.0097
Slovakia,Japan,9104.249,9104.249,8860.198,8856.159
Slovakia,South Korea,8246.657,8246.657,8205.849,8202.305
Slovakia,Mexico,10216.82,10216.82,10185.72,10179.21
Slovakia,Malaysia,9351.424,9351.424,9348.403,9332.911
Slovakia,Netherlands,987.487,987.487,1059.149,1049.467
Slovakia,Russia,1632.621,1632.621,2264.875,1895.26
Slovakia,Slovakia,83.2897,83.2897,149.926,85.65497
Slovakia,Sweden,1244.273,1244.273,1176.298,1152.241
Slovakia,Taiwan,8953.523,8953.523,8844.377,8842.47
Slovakia,Ukraine,998.2211,998.2211,1054.575,932.5637
Slovakia,United States,6852.755,7183.664,8289.6,8125.262
Slovakia,Vietnam,8198.256,8198.256,8679.152,8659.559
Slovakia,South Africa,9138.581,8298.498,8685.687,8672.061
Sweden,Austria,1242.31,1242.31,1228.473,1194.509
Sweden,Belgium,1283.716,1283.716,1151.5,1103.572
Sweden,Brazil,10936.15,10235.23,10185.49,10099.92
Sweden,Canada,6335.357,6000.775,6347.801,6295.129
Sweden,China (mainland),6713.787,6713.787,7276.972,7242.087
Sweden,Germany,1118.929,810.3746,929.3204,826.5554
Sweden,Spain,2596.908,2596.908,2486.548,2426.659
Sweden,France,1545.797,1545.797,1616.322,1550.527
Sweden,United Kingdom,1437.571,1437.571,1292.802,1255.961
Sweden,Indonesia,10528.27,10528.27,10632.05,10605.43
Sweden,India,5574.222,5574.222,6308.107,6267.688
Sweden,Iran,3566.229,3566.229,3765.085,3735.173
Sweden,Italy,1980.122,1980.122,1833.431,1772.384
Sweden,Japan,8180.65,8180.65,8226.76,8217.302
Sweden,South Korea,7445.181,7445.181,7682.775,7674.148
Sweden,Mexico,9597.715,9597.715,9357.389,9347.759
Sweden,Malaysia,9354.846,9354.846,9568.984,9557.659
Sweden,Netherlands,1128.93,1128.93,1009.396,952.2878
Sweden,Russia,1232.383,1232.383,2081.843,1622.13
Sweden,Slovakia,1244.273,1244.273,1176.298,1152.241
Sweden,Sweden,252.3032,252.3032,281.2379,98.97228
Sweden,Taiwan,8358.111,8358.111,8551.703,8546.251
Sweden,Ukraine,1267.46,1267.46,1616.605,1569.584
Sweden,United States,6322.853,6644.253,7440.511,7290.073
Sweden,Vietnam,7893.266,7893.266,8727.681,8701.434
Sweden,South Africa,10380.56,9513.372,9838.573,9823.704
Taiwan,Austria,9003.64,9003.64,9127.573,9125.474
Taiwan,Belgium,9587.026,9587.026,9629.656,9629.126
Taiwan,Brazil,18821.26,18523.81,18260.39,18232.16
Taiwan,Canada,12090.98,11994.6,11526.46,11428.16
Taiwan,China (mainland),1718.106,1718.106,1490.694,1274.512
Taiwan,Germany,9396.126,8958.811,9275.322,9271.306
Taiwan,Spain,10804.02,10804.02,10814.53,10802.21
Taiwan,France,9834.232,9834.232,9980.066,9976.811
Taiwan,United Kingdom,9790.424,9790.424,9823.558,9822.446
Taiwan,Indonesia,3825.405,3825.405,3584.592,3560.061
Taiwan,India,4393.583,4393.583,4508.788,4456.134
Taiwan,Iran,6695.339,6695.339,6701.032,6684.999
Taiwan,Italy,9614.098,9614.098,9631.883,9630.214
Taiwan,Japan,2103.047,2103.047,2033.312,1966.245
Taiwan,South Korea,1475.758,1475.758,1520.398,1507.086
Taiwan,Mexico,13405.0,13405.0,13123.62,13085.85
Taiwan,Malaysia,3237.547,3237.547,2968.969,2923.841
Taiwan,Netherlands,9457.249,9457.249,9505.849,9505.14
Taiwan,Russia,7356.632,7356.632,6695.654,6372.035
Taiwan,Slovakia,8953.523,8953.523,8844.377,8842.47
Taiwan,Sweden,8358.111,8358.111,8551.703,8546.251
Taiwan,Taiwan,71.24096,71.24096,130.9233,17.42262
Taiwan,Ukraine,7964.517,7964.517,7863.154,7854.986
Taiwan,United States,12532.54,12659.11,12155.88,12099.73
Taiwan,Vietnam,1665.853,1665.853,1914.394,1868.229
Taiwan,South Africa,12686.75,11504.74,11692.18,11674.34
Ukraine,Austria,1052.484,1052.484,1338.285,1257.717
Ukraine,Belgium,1837.307,1837.307,2073.167,2029.986
Ukraine,Brazil,11155.24,10568.55,10689.79,10615.94
Ukraine,Canada,7564.316,7224.076,7892.484,7847.058
Ukraine,China (mainland),6460.799,6460.799,6722.159,6687.634
Ukraine,Germany,1646.271,1204.434,1695.696,1622.575
Ukraine,Spain,2863.877,2863.877,3004.592,2941.258
Ukraine,France,2025.144,2025.144,2275.21,2226.3
Ukraine,United Kingdom,2137.511,2137.511,2450.889,2412.67
Ukraine,Indonesia,9581.404,9581.404,9359.695,9319.266
Ukraine,India,4583.481,4583.481,4898.957,4838.656
Ukraine,Iran,2349.756,2349.756,2206.66,2124.324
Ukraine,Italy,1674.773,1674.773,1810.01,1765.606
Ukraine,Japan,8215.83,8215.83,8040.759,8031.861
Ukraine,South Korea,7309.346,7309.346,7327.559,7318.468
Ukraine,Mexico,10831.55,10831.55,10933.32,10919.63
Ukraine,Malaysia,8424.244,8424.244,8323.441,8298.929
Ukraine,Netherlands,1781.716,1781.716,2011.598,1966.749
Ukraine,Russia,763.4056,763.4056,1557.259,1081.068
Ukraine,Slovakia,998.2211,998.2211,1054.575,932.5637
Ukraine,Sweden,1267.46,1267.46,1616.605,1569.584
Ukraine,Taiwan,7964.517,7964.517,7863.154,7854.986
Ukraine,Ukraine,292.2376,292.2376,400.222,182.8418
Ukraine,United States,7515.91,7842.333,8995.575,8864.919
Ukraine,Vietnam,7205.898,7205.898,7644.061,7614.265
Ukraine,South Africa,9462.487,8478.047,8696.577,8676.057
United States,Austria,6798.701,7129.667,8124.255,7946.586
United States,Belgium,5891.711,6222.864,7302.655,7096.715
United States,Brazil,7694.307,6794.436,8088.514,7887.2
United States,Canada,548.3946,737.0425,2079.297,1154.531
United States,China (mainland),10993.68,11159.25,11183.43,11099.8
United States,Germany,6035.334,6717.542,7595.452,7405.775
United States,Spain,5770.264,6092.003,7437.157,7176.146
United States,France,5838.157,6169.154,7456.767,7227.043
United States,United Kingdom,5570.161,5901.343,6878.494,6655.415
United States,Indonesia,16180.32,16371.12,15535.87,15476.45
United States,India,11761.81,12059.81,13131.91,13076.46
United States,Iran,9865.231,10191.14,11098.36,11003.46
United States,Italy,6895.107,7224.739,8284.006,8076.798
United States,Japan,10855.59,10918.79,10286.19,10193.96
United States,South Korea,11065.7,11185.97,10682.86,10624.66
United States,Mexico,3369.053,3037.916,2468.405,1623.72
United States,Malaysia,15130.12,15357.34,14859.51,14818.76
United States,Netherlands,5866.046,6196.851,7281.814,7081.953
United States,Russia,7517.972,7834.547,8915.321,8795.135
United States,Slovakia,6852.755,7183.664,8289.6,8125.262
United States,Sweden,6322.853,6644.253,7440.511,7290.073
United States,Taiwan,12532.54,12659.11,12155.88,12099.73
United States,Ukraine,7515.91,7842.333,8995.575,8864.919
United States,United States,1161.074,1161.074,1853.802,261.7169
United States,Vietnam,13159.26,13362.15,13715.75,13666.17
United States,South Africa,12581.72,13040.41,14418.61,14275.12
Vietnam,Austria,8254.594,8254.594,8966.116,8946.964
Vietnam,Belgium,8989.95,8989.95,9644.942,9626.694
Vietnam,Brazil,17191.68,17207.4,16837.64,16820.94
Vietnam,Canada,12816.55,12637.78,12955.35,12878.74
Vietnam,China (mainland),2330.799,2330.799,2664.699,2345.954
Vietnam,Germany,8793.074,8337.11,9259.051,9236.968
Vietnam,Spain,10053.22,10053.22,10603.31,10578.46
Vietnam,France,9208.554,9208.554,9888.428,9869.467
Vietnam,United Kingdom,9248.713,9248.713,9941.448,9922.318
Vietnam,Indonesia,3023.314,3023.314,2226.403,2082.434
Vietnam,India,3006.763,3006.763,3329.87,3252.258
Vietnam,Iran,5502.821,5502.821,5971.439,5936.052
Vietnam,Italy,8741.851,8741.851,9337.082,9320.302
Vietnam,Japan,3672.564,3672.564,3902.722,3843.984
Vietnam,South Korea,2740.135,2740.135,3257.774,3207.427
Vietnam,Mexico,14772.0,14772.0,14939.15,14896.75
Vietnam,Malaysia,2040.94,2040.94,1361.233,1217.886
Vietnam,Netherlands,8892.063,8892.063,9549.609,9530.631
Vietnam,Russia,6737.911,6737.911,6790.411,6586.911
Vietnam,Slovakia,8198.256,8198.256,8679.152,8659.559
Vietnam,Sweden,7893.266,7893.266,8727.681,8701.434
Vietnam,Taiwan,1665.853,1665.853,1914.394,1868.229
Vietnam,Ukraine,7205.898,7205.898,7644.061,7614.265
Vietnam,United States,13159.26,13362.15,13715.75,13666.17
Vietnam,Vietnam,216.4326,216.4326,559.7549,110.3731
Vietnam,South Africa,11074.41,9862.524,9850.552,9824.442
South Africa,Austria,9145.618,8314.978,8653.429,8640.589
South Africa,Belgium,9535.728,8838.753,9169.502,9159.605
South Africa,Brazil,6355.119,7900.19,7342.994,7280.527
South Africa,Canada,13117.46,13075.43,14065.19,13942.26
South Africa,China (mainland),12967.77,11674.59,11875.3,11820.34
South Africa,Germany,9571.156,8828.848,9110.947,9096.961
South Africa,Spain,8582.782,8070.031,8283.678,8270.088
South Africa,France,9353.552,8692.812,8769.679,8750.608
South Africa,United Kingdom,9681.689,9033.48,9488.882,9476.756
South Africa,Indonesia,9478.355,8573.012,8934.844,8897.848
South Africa,India,9310.96,8000.751,7857.113,7792.628
South Africa,Iran,8471.103,7256.418,7571.688,7537.13
South Africa,Italy,8460.335,7697.383,8134.674,8110.853
South Africa,Japan,14746.39,13517.0,13617.97,13594.8
South Africa,South Korea,13723.41,12457.03,12792.46,12774.99
South Africa,Mexico,13719.26,14615.26,14785.82,14753.67
South Africa,Malaysia,9588.708,8523.575,8994.414,8949.459
South Africa,Netherlands,9693.594,8981.913,9279.857,9269.749
South Africa,Russia,10147.89,9113.282,9782.655,9715.083
South Africa,Slovakia,9138.581,8298.498,8685.687,8672.061
South Africa,Sweden,10380.56,9513.372,9838.573,9823.704
South Africa,Taiwan,12686.75,11504.74,11692.18,11674.34
South Africa,Ukraine,9462.487,8478.047,8696.577,8676.057
South Africa,United States,12581.72,13040.41,14418.61,14275.12
South Africa,Vietnam,11074.41,9862.524,9850.552,9824.442
South Africa,South Africa,415.4302,415.4302,585.4579,107.6344
