Export_country,1,2,3,4,5,6,7,8,9,10,11,12,13,14,15,16,17,18,19,20,21,22,23,24,25,26,27,28,29,30,31,32,33,34,35,36,37,38,39,40,41,42,43,44,45,46,47,48,49,50,51,52,53,54,55,56,57,58,59,60,61,62,63,64,65,66,67,68,69,70,71,72,73,74,75,76,77,78,79,80,81,82,83,84,85,86,87,88,89,90,91,92,93,94,95,96,97,98,99,100,101,102,103,104,105,106,107,108,109,110,111,112,113,114,115,116,117,118,119,120,121,122,123,124,125,126,127,128,129,130,131,132,135,136,137,141,144
Austria,1914.3439904960496,41.10096477191863,55.15188442564201,785.2033409746284,702.1721714022708,586505.1523755656,24.433518115264672,0.1539436746972786,46.65185022638819,526.4814387877179,47.5114978693207,1224.0943392955012,91.103333543905,41.75618189432116,550540.8583731471,1569.404833120212,4596.507996264276,556950.6469567434,166.2178749351359,1954.0678482986903,5496.410459887409,540.1121912329018,192.04137601461417,522988.1741813414,290.60064850670875,47.74816272943535,477686.61634581577,7333.788367189301,1109.9291438783862,517797.7903751114,852.7035281146983,2411.5491579068207,471908.65624275286,337.337218084574,6747.428969302151,473869.0766592789,33.415016876723655,198.20857632891867,488035.84737694723,2124.07179193949,2108.1271510203796,514135.4594632052,1049.6669998717264,0.0290822198691593,465739.19624378067,3937.15789491865,2003.8742789055602,478147.9078559019,157.61523765754288,102.56316908256017,492417.79124539514,9329.952626993701,1012.1782520454709,565180.7509732512,104.26750330453092,30.77016630211443,428149.058463347,3130.7668270416325,1510.6719562678386,441675.2471790946,581.6511520706422,0.5319885620327447,526434.1865933365,16433.032723296004,5281.077704526302,519141.28517830296,132.77544571358814,600.889136399593,473146.98374405503,3890.8136253678517,7376.286719914601,459954.7052627445,1418.7441734443037,118.45884213252283,488385.80215456826,334.86464366925503,1329.0555340115768,459096.39051945874,227.073868735877,893.3139036850906,483379.3070377837,8248.83626560806,5902.5554967368325,416822.5820184189,1.068355774194755,1940.6393262893093,494263.93886793056,12080.561304893214,1645.7251286515789,512837.264474942,79.59472980962816,53.79695859874276,378699.06222582667,3551.556214852475,531.6356031845196,417379.04193025484,0.1173081850136609,111.8275798351958,303655.1508879979,494.5731894521803,650.3000061064962,490013.32276069716,1899.7460047082668,89.13672269713038,412860.1598504451,1165.9449105890108,1.225506406300608,386901.8912659074,4174.905681285029,,452047.1214231817,1654.304720382692,759.9513191464719,446850.46048878593,101.93459382465198,1985.5700461560523,446823.48054102965,5730.2984581230285,3562.686893435311,394393.4677663704,4309.514287381473,201.1942929922583,422349.3505585878,82.05833744370565,2981.4298109253878,521368.0345722757,1497.5992875230954,391.5072396741883,389074.30200804514,3554.029121131714,6939.126423205407,377026.22089830984,603503.6355018007,,4025.23470240347,357813.7877970685,123698.16570870456
Belgium,6790.560996572733,86.12000130867956,14651.356607799542,10084.718890621842,5025.164330917627,1422796.7532427835,689.1508490081546,4475.599982827904,8372.170926366,10417.110593068837,3136.9317821878153,236.09999761730467,672.8409889340403,217.89700122451782,1260332.17369422,4915.565920959222,10095.70100065079,1352665.4438002086,2395.058638471369,710.6099827289579,2603.225746150333,37480.97124935091,8058.5706425374665,1209671.3035150126,119.8983233095662,268.3612690613622,1292715.532902115,1930.9053185917048,13593.917493820618,1372099.5608389128,463.1399061959601,1731.7285676688562,1208389.03108919,13298.560010166822,15011.435393305797,1183995.0632583662,3780.474010982991,59.659153257108144,1422350.8831810448,8290.20632321941,9254.078743203716,1409089.9429477032,367.4629984016409,359.5098789519563,1135372.3608857503,6896.524965564261,3275.0155214759143,1261332.6454531124,501.65667302702275,40.550292660461494,1526905.553008852,4615.029389654041,5625.775695871198,1500844.0310097176,1263.28048764504,2736.332762639492,1168271.7624833635,4132.342006188562,4176.681302548033,1361808.543946718,4702.446837578123,446.80078220812544,1507781.8605166718,3070.2822727027997,10312.155972469316,1588829.783002386,1000.6190880623865,405.6629861965777,1428238.6215628192,9662.301891376927,5716.374912976656,1419528.7218356112,427.73700237274204,1935.7194616376892,1585480.654551,6147.180254488604,4334.932294612673,1593674.9506340756,416.2330898190182,388.3100180346522,1548491.551076836,1839.1969785452754,2837.309772080659,1418949.5515509276,12600.24795257953,1697.6764591521555,1513878.4974339684,12933.030162127563,25178.48854680244,1372998.1944780531,1605.6413484710693,1952.025016525001,1454780.4285095746,32059.63812520668,4919.539359059702,1267504.1769268997,5711.773649038069,1300.728728254073,857900.6437432701,5329.034535059983,9717.482552967718,1100968.207096589,10053.254776698588,2540.7335576512783,1238628.569959143,27523.38822007354,15357.22034113099,1194844.570195403,1590.0105122156701,1403.5104380624107,1112449.1474551398,13529.781780206418,8152.477431091346,1277518.9723588156,16405.924821918532,201.1640013666153,1146846.5636018384,13683.825148478907,9169.967116950385,1161236.9931017803,1020.534734468685,8118.7840819139365,1190306.4310953273,11217.196601019312,41151.40978655245,1151819.0333769047,1418.6027866094805,974.5239963305298,1224482.4910923087,18676.938134146414,934.7765313372629,916416.7545603539,1366624.1777538767,6854.555084426678,1877.100990295411,959590.0216856209,840858.8323156264
Brazil,47126.72222618125,747.440007324219,6485.638342033662,8203.993002746582,4003.7949929504384,2538738.4958669674,12037.197,913.8353071798649,5711.04409453763,3759.962361339952,1309.3737895243917,2129.3250468557335,11118.96245001233,136.821,1964407.134553475,1828.969,66146.80181522366,1725023.5972743258,1469.64036199047,2033.2340000000002,148174.27518978924,30793.175435812856,26205.16899847412,1806334.7600559643,54971.308999999994,1057.39,1803659.313858501,137136.84354850854,32033.837835814094,2663749.406466473,40336.75,830.28,2240641.1229854794,210590.44879600135,82042.28766128872,2581144.113693664,10670.089,17611.149199870077,2532660.4186999807,228006.08788091742,14857.06722327356,2051015.7258990752,121.976,275.41,2679027.2181275887,111691.02791666666,255907.84555963258,3085060.3004876515,304.10420306513413,352.062,2502454.495728902,59319.80063365427,110353.41726962426,3009293.163563486,125.45532312387743,44088.217,2618139.841212171,48382.022,229069.5643638132,2773538.286899903,76.245,10609.59850281982,2830851.111508366,210778.44500051846,27474.796933804515,2478241.3468016717,502.7210829935061,892.3606986371502,2976153.0801920975,104551.63745630934,22343.028736074288,2757804.9316148255,37.42,557.0076445551377,2368355.721854147,2621.35970346298,76092.25800993902,3013444.4825928546,7.574,18041.3435841676,3033920.408050907,99811.07802902664,131874.57900061033,2387660.916938568,1392.2199999999998,778.565,2681038.5165144894,182073.5916546285,71189.0722912488,2908068.006624824,124.863,2954.89100579834,2863079.3751890855,59243.69435009397,4672.681885703819,2584767.6478508958,141.9436181892336,350.27300050353995,2590271.2561419583,10152.07290322518,31874.838314065506,1986425.423571711,1706.0879603836704,710.5289700267132,2428320.5224370547,9976.849443739879,41334.122040572205,2722889.3944649035,14680.462019052415,17526.016,2275482.6246317425,37176.11666049884,43569.48344620408,2471165.4412484425,101.09227951981508,999.461,2535957.0185604757,56953.40098335988,70262.0162887408,2588352.3339103274,36739.96218550499,18701.40889933155,2152052.2148938347,23151.73206321983,41175.16218209159,2041719.5400555616,295.642,4612.735251391837,2490515.46439642,320987.02679756295,7226.787804207319,2046930.2099498205,2618012.494075362,72480.82623159065,51.0,1672779.54136084,2517013.208533283
Canada,901.5243460519407,18.3999996185303,73.2194960061892,558.378463313266,15393.49749959814,533484.0290869693,276.079,169.52114323027345,634.5563414634287,1165.4619332990908,190.6810004577637,56.333431837698384,1076.6594634465923,50.366,532951.2117423457,2069.969137972338,970.6119756545027,620312.944499494,171.89480545829,29.71,1576.5044048505026,20992.820576671496,22518.18445259263,570676.3620858408,1188.1390002288817,75.86596113996237,662760.1627519445,4454.2425168835325,2044.6292948072876,412537.99112937675,256.3320005187988,74.85248016263634,580461.1075444309,1896.0833565929665,1312.0523971064752,619158.4497136171,166.5780018614608,0.176849505934244,400263.4225949244,2223.8684324660644,1002.4910574686443,407556.54877199954,184.6040001297472,141.09599996185304,448052.61464115727,650.7377616437874,1336.078205115708,407625.9726097716,236.6687798423767,406.059670015522,388239.8074662297,463.00731543350224,734.0401008913508,471484.37638328335,106.49428413594121,141.38916353442247,368738.2372455381,2110.8325152236916,1415.712639800606,443329.7504648891,231.6770000078678,25.769014513177236,492308.34767127165,1938.8857540996494,1782.4280110157397,525994.1440769144,1038.1454939508885,123.03853643199335,383139.5814538785,2351.7000100761056,1906.4867920847948,493354.2569130589,12.654676415103692,509.47867901199777,597452.8590825661,3330.387956068566,3835.998749213288,395757.9285239324,361.006995971504,20772.5949440293,468937.7369138643,1055.0764089882086,5788.25715854365,448781.39047195174,243.28607677085012,137.0545,447780.1071389243,14371.04947411913,659.7837396265492,545897.2443951545,7111.702130304106,127.5302001220733,412101.82241884916,37719.21906335209,682.8656872046001,559017.2565577425,134.98050063724446,184.092,347711.9472343287,2327.484030681947,7595.138865167275,704573.8189347527,85.6461174956088,355.929,535207.6017377978,5822.357813194077,21033.78614978882,386244.93366785266,126.39192620871012,95.37218957519535,909148.3041197449,7616.697505376616,1255.445309218245,991008.5772810853,157.537089294093,21.117,483748.2213609591,1293.8571709686219,1226.6939910420356,983305.858856249,6.888999999999999,343.0320822765506,1105229.2191958057,1474.904,33221.6747170984,767924.7079934925,5700.610895820614,476.04499999999996,983532.3806719441,22262.43417505888,12435.827651522388,908331.1372791168,977580.6482313875,1418.1434143652307,1772.9353889566473,842948.5925228754,762685.0847804955
China (mainland),2931.3616200061947,401.8489998173267,4812.776160455785,1785.95511451385,4846.819456018484,2683068.676356671,36.56288436947439,393.9929979858399,785.0207516289312,4000.633199493171,5045.418820266648,305.476,386.5743234763029,52.502,2820680.7464335803,10822.603294479406,2578.808777908257,3392581.101115215,369.5375259098927,1114.2193449776742,7367.938427376367,5033.924130121967,6472.252271404123,3081566.793825763,162.037,1122.7907068822665,5010860.806737526,19189.526388036364,4346.383214382674,6629170.296929309,1542.6469980697907,112.82140205221201,2744707.9022973357,7308.886929407811,29275.166282179784,5714635.283509136,299.43789023831346,776.942213275421,5597412.020580595,4136.465320246436,12956.595725444055,7831604.5465842765,209.6139992733002,502.28456141680863,6962712.716812119,5151.410105799913,3256.2560597188794,8253780.3055686,901.0689973092076,241.998004550934,7818860.970075092,17705.24289549852,1865.8762113704702,5803581.539535349,155.202,324.9112978845801,8166699.161048871,42701.38672654276,10004.437084734165,7632982.6213067155,6598.11699472884,1796.8339199381335,5286309.923490744,6746.665834648093,22381.56620611308,3628259.308663938,2715.3974332380344,8.915000000000001,6835364.182009424,26161.711838789648,15808.253568588076,5684725.714298257,531.3933252154784,194.964,5403459.044981882,6535.871182841471,4272.115840053954,3967452.908045502,372.50016234096074,1814.09498574639,4057367.603924644,5192.889892069862,4818.051319952183,4187770.8665391635,490.7831766027213,552.201522039446,4090000.574513993,12671.659229092353,4093.6340558783218,3051049.9174182294,387.09038738157824,280.5310387174567,4034497.932885379,6571.5088950731,24394.841001420307,3642632.262978553,723.6061458921733,3868.6334310669663,3688316.3532708394,15579.769503568266,6175.932164281204,4967156.583832883,20843.087671308156,2188.4531891208444,2978412.438470366,11458.931959107655,19262.432124092153,2349539.766272828,47115.73570229128,387.63542347815576,5585744.473100545,18406.445637022694,98313.85959804046,2638032.858900365,7197.526458221304,1168.5940859932111,3260583.3680784283,494797.72366277897,47254.27826897303,4202801.539899011,162074.31219225368,4995.186090340863,3698412.891414011,161655.49508460815,122562.19844564199,3286261.261562082,34192.419946877235,1359.2288787771488,3154951.699580606,858677.6778072672,31807.17748404993,3916500.770528036,5243784.83017896,40795.73560510475,17800.21867513863,2981725.1665766803,3730136.1349583585
France,2230.47232529582,14392.410405521015,2271.160099168284,2816.8940710875568,5154.604885263496,1225717.7141657341,5811.814334887914,349.7039972543711,1279.9266998488633,21369.08236743648,14129.70228065455,1034.9514701271275,116.1099979877472,583.1059987992044,1082054.3725797024,8718.205096727823,8981.864600035467,1312781.0990699152,218.4669981449841,1137.2370008714502,15828.975381323653,9006.116230235284,6292.108158760787,1221665.3640884892,257.00899667292833,98.82403787471168,1275315.483388585,13382.73909660201,2523.4883578865374,1342354.393021466,1681.521677161714,24.7999992370605,1105931.195801902,3101.0986399708345,7090.228747921292,1431334.2881496514,5060.0070280917,822.7747149335048,1343248.7034283497,1748.452317783735,4236.142872848692,1290001.435256576,307.00238406116506,217.39300024416272,1343633.1721737422,5485.872321214673,13908.764288904495,1226773.6386666629,104.90099800191821,371.897752770229,1254769.0740114348,2434.8834941618047,12932.643834970204,1387496.4323351805,406.284925065844,204.3639928549527,1132228.619957151,7001.691432353853,71505.42245368884,1124114.444145982,213.42700266838114,1202.4612931468582,1402777.5089535168,10112.184844144027,27927.1594264733,1393773.9963589942,278.2143908157339,2308.0330853528158,1230731.8137401424,15796.393607342456,6157.142153264817,1337769.562400439,1582.9586899940684,857.9729465991902,1489591.1080762292,2151.890100275952,2956.2651296725935,1325951.0032734738,285.95341797526214,384.0872907339264,1339910.612801334,3644.901924874257,3989.7048062164977,1359845.5316113348,459.870995048433,5178.994745388882,1453722.0605323568,8780.086727790018,12014.526427775192,1043389.3886084044,1186.6840022653346,417.3320074472572,1274336.5740023998,2899.63042546069,2368.2259348035273,1332121.0310650673,978.5442052405317,161.0060043334964,689194.1253193612,14154.9607647425,3990.6681945536416,1398727.2931658318,685.154561965268,49.849406929718995,1215032.666286468,5531.293819663198,9712.959569115614,869165.8488780789,4322.520168698082,972.3239974975587,1285874.5679828718,12416.935205440668,6342.622146646681,1060033.4173000716,1166.35487187014,2379.16300442535,1105567.2751879285,8569.646382674346,60923.56020692433,1209384.1950865714,5241.295554447857,45.695854012842176,992806.0464021172,20681.9291612751,10634.805488160671,882384.5755280342,604.1040340575131,907.398792528859,1130361.0011022312,20705.25013913713,17321.803995013383,821246.3368151704,769199.8933279361,10463.17514473671,7723.705732662887,826694.8933110113,783500.0850128361
Germany,959.075925175259,280.6075793172352,701.2000029310582,3289.4759691925174,2422.702747897381,1923932.9175132115,168.0000042021274,2326.0948060347346,1504.950792923178,4475.350112395312,728.5960088240279,231.6999996453524,20.2000007629395,1458.586265961011,2077481.139106373,2593.592845530829,2332.22971895038,1973043.3260001326,606.1771105891972,56.9999995231629,11976.777308257628,10540.904307680896,6023.794540179868,1795373.8571569375,17.69999998807903,1072.3999972715974,2015645.9548297236,3330.7949435295263,4412.142653901506,2209176.905711862,166.64116107549907,1795.213237581871,1823340.9953116875,3324.383855640055,3722.2264086177433,1975320.1627389367,61.80000195652243,457.1084042326773,2232429.744759984,2451.615224715806,615.9092865969045,2113320.7051903983,6.799999952316281,75.69999957084659,1917120.5354230807,3626.4918838512253,2612.818317681297,2023518.9237025636,1002.6000034138564,40.5000002980232,2294344.064056755,778.3000097647315,3907.5402290664993,2320963.2649060674,898.1325082472729,40.26645566175676,1948167.0842736762,5222.054886325941,3864.3357032058348,2050342.6344754458,184.21170552738508,66.52413031707768,2250683.7057139142,1619.7132270839106,4244.860825342382,2225191.407347489,52.65653118056202,42.55370137837637,2024942.122846165,1880.8123708907494,9340.366765329527,2099196.76165454,637.2242976522092,820.8141951357601,2317106.4670807864,22329.620243306566,1374.7527233601404,2184736.7548688487,260.0,413.0168203182137,2226524.356761512,2049.602455422078,1802.4380799194885,2040807.1484056772,116.70000133663409,254.75411527315742,2204095.1385594034,9710.13904785569,6797.408978074063,2124854.416756325,178.37751004383176,554.9616359410625,2079329.3669168164,2858.6816617816257,9561.883909129314,2016898.995389397,116.12008866543388,177.30000052601085,1569296.2820283705,8063.309761107204,2461.2692513724182,2183411.4206083426,11.8799334785536,168.9621645277437,1721782.5306354223,4534.181502528274,6282.463150625158,1835497.0430013854,19316.359477627644,1195.8947036778247,2136283.8773964862,22350.74138571905,32941.701719846125,2100883.266975872,10806.045096949827,160.399998813868,2024504.8623679916,9203.086497865344,15758.373490475567,1918472.3437913535,2558.5546786367167,1556.8550391849271,2058786.3033012392,19783.236368202462,32186.382005513566,2197749.9747665743,1362.499987438318,1998.1806083169818,2007283.8269634598,11963.375605757585,4742.972157661726,1821500.1967025658,2075663.450383393,9245.072953677429,1398.1034055963419,1786139.5189890077,1809866.730875649
India,1476.4267020474017,1014.921812252283,5374.895995350587,5878.206510976502,41172.21712253722,1177286.104734841,4583.2020005038385,3804.97375616948,84112.72510723714,5062.38158077451,2044.502000148058,50.389024160954264,790.752770161163,761.481,1190273.696489757,15902.237142038237,27680.753574012793,1609396.472680439,2402.611393973039,1531.1008071170104,17282.963695668434,20523.135463316892,4973.392286321388,1359940.5597184761,16879.911005620386,1898.397,1332642.2309687377,14287.27506312176,8290.367181163936,1135963.7625936072,13472.06372618239,261.34399942398073,1753230.7706962684,37515.312574430805,6175.687945571933,1446405.2240260278,2444.6930035095215,529.9309999198914,1209340.1164870998,4037.3410432063606,5133.473614002598,1019985.9007217685,1365.048035110723,110.001,1273243.3431327734,9868.667362326003,7925.06554411041,1153849.7233552306,856.645,20.096,1012569.7926105618,259348.80252762223,49047.669384209104,1494887.7844373344,576.5637937387884,728.006,699446.4193860661,5488.361237608857,3125.555178214299,1423626.2119754716,1004.00439042343,1129.569382068106,1803891.3884694069,3177.1022654046233,13057.886872295005,1698861.3570120947,2734.71,241.000000910759,1598601.3329359756,15314.69721427489,21344.663334435365,1857506.3926745337,6430.214779220579,287.16700000000003,1489624.1544678975,32647.90146117591,15787.209846754824,1240982.16615281,993.126,489.648,2118813.1890021325,3437.5861635372844,20280.442588729864,1434193.1030897303,325.544586343515,6929.394564695511,1372348.3350652817,29650.06234404353,107762.65921083245,1654226.809039937,769.4469928337371,6291.17991210938,1378100.0094947163,5551.1218852472675,31533.916084317694,1367614.1023625794,3316.975812610626,2791.018420376984,3023182.0661706156,6168.188693459885,12822.990383741071,1918737.0054691315,13084.843033319752,2401.0650933734905,2045341.8021995549,27919.805322763685,19852.808835723787,3173134.080928055,74120.72943320942,861.7915119227164,2863720.934800042,100118.8078937891,53272.366951929165,1948460.4123821629,10932.050483950954,1576.740941876988,2234493.817495948,130651.49407303268,411000.8651191204,3457399.92856511,54.04443999862671,2544.2016887890504,1724714.9844569622,70673.47949636311,13369.424211695483,1279071.5732944815,2892.8212631009073,1576.6661418411304,2806438.7045820737,37294.527656489285,94119.51901946173,2066469.349724114,2674084.309287712,13483.480028743988,2283.6061899097986,1226544.6665566994,361278.31160303595
Indonesia,1.5,16.0278341074824,563.938,208.54208721788387,3000.775181706788,23010.415891977616,680.079,404.226650139175,19676.289910510208,338.347,3309.1349998706505,111.5215152548578,348.756,0.0010835913312693,23069.314437203215,240.57508597771914,5861.012523295018,37462.033252292546,520.22,326.728,28224.854638951096,352.74,2293.52346323409,11887.982127649842,478.31699999999995,397.33,117043.5681411082,85095.42189270187,1646.3672020232107,300998.1425580992,667.009,257.02,67538.44306002631,71413.99723133042,1975.004,215331.1737452197,643.7740000000001,164.17999999999998,252706.25926179584,9122.207235263772,22955.7378121262,322925.65574096976,17.468,358.185,143723.09813675188,55968.84102887034,57.48599980926514,190420.9595528249,156.74,110.9,480081.7784141445,55116.40736356222,39029.97,322969.597282463,41621.6464536429,457.125,248433.7927044032,69957.9114703467,989.0729995422363,346904.3873847468,1667.054589069654,0.0850685542119037,309019.9647150578,26761.41774799991,32384.708199996952,553215.0310703603,400.57,81.97800000000001,289374.1597657284,55185.752424564576,218233.2720559501,251833.27588427992,50.6,21158.413659914637,368674.86390986486,199.12099999999998,23970.307002975464,757435.9892578749,315.61,165.06077732881016,375200.17673183203,6099.485997440338,57388.36134306145,635728.1083646034,80.03060903995967,,502800.17444689677,1381.1119990394413,13833.123296500535,561720.2832300451,498.2610053100586,1753.2889994049074,556861.1992167332,1078.1586072659857,3272.1192638308416,652204.6762235549,459.67229972294393,42.01,1077556.873234958,60102.20895556918,12324.557999999999,1089092.7458416666,331.24433802816895,1506.866,623081.3572331779,131653.45560009772,5841.286025182724,1096411.8604587102,31108.19954768658,18494.1261899996,2043897.3353020062,456665.1043782525,296440.9020945836,828482.8713800142,7594.9,51644.382,1169910.96655868,110982.68846677251,180280.6871162592,1507988.414190523,11902.0640473938,24879.28,176907.0430781268,96214.52200000001,324945.1537878311,871638.256822271,76223.94302720325,63003.95000152588,1156119.8410565956,134228.62715188003,217199.21244000242,781574.850198417,1080026.7210930865,,141329.94900459293,1032969.94940275,1064497.904947821
Iran,11920.614,1997.8667999267577,1822.595,24084.1990014801,24519.000001525877,41978.13800567627,42422.94800242996,3573.9470003814695,4045.2159954214094,41385.78,7683.235972541333,25836.414,54011.17600048828,492.89299438476604,219442.77576296998,369.33,26720.929,173287.69599292657,,41764.4,34022.354,84503.137,23908.315842727614,114460.643,,76621.0,252972.1529509735,129548.033,80866.89202050782,189901.98560164805,14467.800000000001,70.2490566037736,110286.61356652316,88998.3,4229.6362196960445,296085.2915421071,0.0700000002980232,,514877.2599973665,65736.82798747254,157551.71014950823,615073.9872491161,1.81,50020.94,295510.8084391211,130160.11199542237,118751.2018881836,486190.6071611328,5872.4619999999995,1644.29504394531,691545.7882690798,235036.7779989395,168468.83999621772,573154.7500006866,42003.532,159.8,288233.98741667316,165840.66493937967,385871.4850000002,481474.16926819074,20378.29,1113.23,1432553.7219999947,42720.392015414116,229427.473,1559625.313,121488.3705886949,18402.256,477017.9691819977,2825.5429975208262,169177.65299105836,1434841.5681941202,33426.93000061035,61866.21550971222,1163515.75771322,171354.381043917,194253.05940920734,91571.45452802339,6514.28603326416,46.575,1066752.694029869,102042.01405859375,12903.038246765134,1019358.2694149889,422.91599999547,16865.85,276788.24847222655,1691.939018249512,110721.814,343899.41500000004,,100.0,393290.18972355867,57617.10999816895,,394023.65075505315,20248.74,15336.92,320320.6520212746,69.11600022435185,64062.228997619626,1055894.6400013885,10582.36,45245.42,290445.2059904564,94078.75404403597,67.62,558866.4810082397,142.38,,576985.675190239,21654.002,106345.97031066896,670317.2279365902,,19502.616,610675.9941382147,73068.929,35046.0,766090.5326418264,46.0,47.985,547047.3611542598,85076.47700549317,49109.916957275396,734576.6504321003,200.199996948242,562.415,324309.7439670258,336159.67200487136,15406.234000778199,491055.9950148754,782206.6169752408,1081.965026855469,120129.334,784748.5810155261,944405.5606162464
Italy,172.531,214.61381815353798,7227.837455043164,1288.3610002859325,3786.2321231191413,715500.6320462779,2526.9848029216946,92.54599999999999,78983.39960628997,1002.1393922087038,8007.760438045157,1467.5934592987458,567.3845746425189,3661.942968147867,674482.685770553,3333.9203545050727,3031.4123292045506,735767.2789526762,949.4841062791202,354.4470515971225,14446.911271149374,32095.817166592547,15812.12945102182,646933.587426752,872.7109999999999,719.3739955669733,693018.2021860793,30758.225546878508,5942.4064244711035,565118.8180286299,813.8859098844044,4105.285155561511,712367.9890149905,5312.117969489764,8233.954709519028,551799.654238118,331.905307245938,203.78299055214592,670906.6973996029,12199.940126877787,1684.6316382273403,681850.047807187,3940.8788299235375,59.704,529475.5075211889,2060.458559695179,2252.904546729587,538532.8426987266,8816.876490687131,108.14800523417111,717070.6944347586,26519.218127696877,5907.131116230059,716894.0871734726,210.272,351.88299082618227,583101.3608834539,46949.56252401862,3764.874904601985,581122.9166212169,4294.0266114777005,2360.0486445729703,790806.1244647645,3575.383521203609,15425.709401146825,718341.4274487937,757.726301376335,1242.142264186758,724102.6924948234,5528.65847732949,42837.26074329156,693510.5432561289,1475.5325141827168,367.721,741479.1042627955,116156.6184693563,10453.506138573994,743883.6249549942,2491.058484926781,2172.1007181192203,702285.1339349158,4982.273785527035,45332.17187880367,692089.3176091509,267.7013691395944,1191.351968066075,771332.3308414312,2842.5201665933337,2170.6293874114226,584038.8989169528,135.733,776.9829407572449,682667.2331002348,4052.329848089271,58093.148061922584,604087.2847198813,90.7029761328279,4264.1259320334,463718.05591643363,25346.523876396106,2339.777517932997,592499.6169804703,34990.222977620244,20501.871695043657,566303.3694630299,2034.2419926002535,4199.922521606616,442871.31899031583,75.14,1032.133338266442,675815.7159841082,18449.04523785465,28404.456312695067,548920.4085396663,487.9212365769,75.82758622364534,573859.8643366834,51557.20233234793,35981.18588169398,521673.6305570139,3392.894022434401,6011.7667127252325,501413.89019540325,63737.508671584095,79256.55839226216,536434.4736916827,22515.025120894796,7046.105597463848,579692.9966432397,5967.820022779986,64979.05664605572,372304.90917907184,846727.3067277778,,3417.77773176985,443912.1897754571,145288.53592064968
Japan,1856.606,8221.65160197078,11913.555599823678,8524.309,17321.559799987794,4308264.460203558,6056.754830458314,3125.735999998659,15601.72287664022,3612.382400024414,8172.356242205502,30052.280435061944,5733.24187567051,892.939866508514,4071417.9108905606,9869.269720062006,8159.1068797913385,3826353.2284869747,97.444,11983.051,12364.81338439386,17007.8190847253,20351.789393610405,3897889.312094534,1777.303,2173.6305006101798,3809662.94208075,36405.093,11822.49549398688,3712817.98951301,5447.167,8795.947747179613,3486913.7797194044,11898.24008799259,20851.360592479992,3684875.60451465,22288.04200002432,439.831,3486925.5938683734,4267.616513755344,26567.461284973768,3627323.656370971,6862.508059824873,1546.262,3681173.410811867,20991.057,40967.44279605158,3190897.141377927,1698.825,3242.8379723464277,3486394.5708303307,6097.437970158694,36051.9322491223,3262245.559640373,3089.8480000000004,4552.075999999999,3501576.907382159,19654.190000000002,20156.076566276868,3419798.2308937856,109.58,22.64,3339792.7632770026,7318.768,100152.6084044179,3140312.0934133916,6901.728,19.613,3323881.3514907965,7574.418482707152,3661.041,3197491.377345485,337.198,1726.6709999999998,3277430.3970975056,2402.216837583575,18956.947734994843,2375346.1317113633,1561.8809999999999,9038.794035016159,3411293.008272589,12591.459,7933.316,3151175.465565689,9974.336,1528.09597441189,2910563.427503987,15639.287819707119,5761.72646915007,3120308.2121552243,6803.160078863267,16644.713204571974,3224073.8380906545,18301.35132276142,33792.09863681831,3013875.5333164,67.675,947.9639999999999,2716370.1644917415,31568.84205437605,45531.74866454624,2907769.4419244244,2090.128,12736.31215779118,2750035.224158684,19633.804577699026,25394.71687408218,2502686.4743748247,16153.09926319574,802.518,2981620.582761654,87331.50479467714,39816.59468526408,2373970.472961968,18212.0234665442,1493.5897294798017,2572500.5917470683,2303.1809204582673,10169.829000083922,3046607.771356774,10022.294558710526,17415.821765248613,2685845.107868742,104217.79806500726,44676.39237978791,2184710.6899763565,105.44,8181.45787107314,2741176.1547247255,319386.96915108187,63324.801243058435,2336795.422487117,2419126.9829766764,12882.311551334342,10832.711,2005377.4476462968,2241398.370789791
Malaysia,6015.653330078126,77083.3149699607,1384.062,1320.740591091245,493.84143341941535,188926.2811242505,4.0,56.477000000000004,587.101,1282.638946125812,63386.70278587599,19476.534,17.936,,271300.44515243126,25771.188904880495,59422.034294024554,267358.33398096,43465.068999999996,44064.61594921876,127678.3258633699,388.53469140625,84.4955001525879,156824.44828195314,2121.386,249.12467512882273,241675.67762319912,159730.1831714441,2359.7284064758032,66008.35651066754,1158.8680081100463,458.12244580078146,113639.21101014009,84302.62933114385,4149.331269930485,69993.95779567157,1135.898000717163,11487.752114501955,244320.89748915023,43659.29658557777,5708.705878165892,162284.42009617732,1588.3943945617677,983.444627833906,82320.95726419208,1861.33525,35052.24321957398,165440.2054126796,144.494,1389.5005981903073,189348.12202666243,11424.066479893234,10257.251600219726,363485.39457361295,33978.520000000004,219.1562032312751,151864.5720512483,4891.628963867187,3218.7294069352147,182385.44743839782,129.4829999809265,329.844,368965.0418825123,2911.9368112881666,67987.54483968913,400882.31997621467,404.533,280.157,344843.91830298875,6580.772956341576,3782.924459976196,335753.58833225083,979.4498970184327,719.8523403320312,455497.8129555918,39211.16904188986,1529.5918463457192,986939.4635585623,8102.325981231689,346.249,383691.35257585126,832.9629504589943,1774.999,541461.7447504428,2977.126773925829,135.5455032332847,1165577.7341691477,1459.285569530774,3528.3438094874127,858765.2585489353,955.2015744150877,241.7534060821533,744309.4196195335,2811.915291325992,40583.089,775558.8905313973,246.8800006408691,99.244,853859.0563763042,2346.445947021484,2435.865052234652,740757.8259741437,111.57799993133546,195.47500000000002,1093717.7681547883,1086.5869995651244,5589.773924922429,837216.6940202337,26.160548747504016,50.167,664370.1116843597,62129.16525698957,116070.26766701347,485311.26234992105,177.069,346.262,625889.2523171817,32902.832504887774,7211.037086730953,784515.0425911441,491.8,162.077,573031.4649091732,37222.91699901535,2832.8748345184804,616352.4673081704,247.670003662109,2692.40642801536,722002.469430626,46401.76230000001,4619.352297760201,656651.7782529441,711625.3054987877,,122.088,626991.4397662436,644611.7801661206
Mexico,7.176,70130.28,1380.167011109045,60885.42274457949,32014.050750451872,290367.17045877886,141.89000152587892,735.471,44631.30643593953,1032.9456619417092,331.2233549804688,30344.27185972595,20.956,29539.41125421851,481084.05605378497,4993.966140942204,8970.913233297957,357351.9375326832,21.608,66.44699958059937,41385.809412570714,34833.576280151035,602.1341056456193,404874.1674483968,85.095,90.978,457137.8363043244,2169.3678537973888,499.2765646856392,261010.9467900663,201.363,19.0,325263.7662496913,2202.289214369047,2054.3662260878045,388209.40006396704,13.4390001296997,255.652408630371,251145.70090272927,1638.5206022820269,1394.2319169921875,179218.5846142713,139.1509004049301,149.68711162143148,347758.75017261045,358.1354917607121,1345.164980260031,311398.9487021385,429.34851363023944,105.66919921875001,189780.643179388,11782.20608865725,2822.8095795890417,311049.41701299563,172.78887634135293,73.05900000405312,180697.6329864134,28379.669952638746,979.3414160066756,330087.1351307486,33733.31656690664,22.0,349402.1042520153,1183.5362339497383,1231.9088714744087,411196.68370691617,163.832,24.197,298294.4485259793,50218.31846919082,1684.0923839217664,343807.9423120446,92.71500001716615,57.834289999961854,491660.70656450966,93192.46529078967,80313.80286238043,452451.4879180634,42.668,229.1482288008579,311119.9248552858,230.00115629959106,906.7397468771755,479306.40987099154,186.352,84.53019279684369,372763.4545549896,941.9137730981072,2063.5440263152946,396583.99059633893,27.5182168262654,207.40000039339063,438431.9348430117,38700.2570348867,50141.65071149632,489209.09186584095,57.805,13.66317004394531,432540.6720352789,1327.026407115527,41013.64094681052,540733.6877960576,131.70412653898768,218.33499995827674,500264.3803609656,4853.717430665309,1548.7365244746147,509078.547660813,32.478,601.9614171230919,815053.4320270806,1552.0878009659184,16367.237691800743,695885.9646129649,1235.437594405734,405.0,591714.5538312902,729.2923302462256,1139.6073966004478,604553.7204132122,61.663634644554804,7.0,744876.1985826896,90.70910589838411,7770.6883586790045,543987.5690721984,9486.767802828103,97.0,684105.8895001537,58.526219443378146,233.06319921875001,502683.3913416411,492069.5107220767,250.0,0.0640000011771917,444168.95879954443,457919.936820128
Netherlands,3944.395877532725,224.643775891655,1738.6123082408833,1593.9037270095419,38199.94242933461,774478.3428167453,312.2010035663848,579.5834524150844,4673.522408098188,1272.0214250855931,497.47362839121047,426.8200754501548,639.968821685728,335.87032416564807,831381.0735548902,2836.3696243294203,1124.900742414428,911477.125615955,828.1866744834789,152.46303513285,8404.198559028693,2740.5684851617357,11162.717715960076,808977.6263136,257.80914808285286,823.2229446750222,872127.8034267417,4208.881451761934,7046.856246646734,1027477.1766772064,3727.6967850002543,48.54801071996941,912897.8576214307,4498.2345754155085,3420.281599829265,902554.9910664435,3323.2469950914383,2481.4476734516766,857146.123246287,2514.781853258275,5793.173725530973,925956.4643790043,708.8419844487904,364.00804502061993,931525.8468706397,3680.596844023343,12180.368561102148,823712.1859867192,1217.1948113433386,5214.054308890171,880274.6935501946,2791.9040671880043,2396.2256493037025,984105.9628680139,344.019348704775,400.67598953408014,872341.4512119235,1132.6867898679595,8533.90334933256,847228.6577400864,964.6921567736364,5.35300009325147,981118.6275347373,3891.0599600367223,2674.014332036899,857717.7819315017,313.8877641743119,10403.822247505188,879897.6386814085,1903.887411223408,1862.5017091632458,1005514.4372928754,446.46294549965035,75.48000079393387,943821.6089221917,3978.298777130008,3838.2830204479014,870173.0440174957,79.64341271114063,244.4680015724153,908059.053045642,2374.482998840002,2999.126831100069,894138.5143007714,264.3744408490319,1333.3208657562425,815720.4880202969,3604.242939124702,10953.03335534447,851153.949896977,344.79991826623274,3369.4420213699314,933097.1998872044,1024.4049920591592,1745.282478335845,754765.203404346,130.4240005246103,34.072591205618544,683216.1299344185,3469.9910690702504,4806.844254858042,836900.7103859433,3361.6774068111285,455.4385329383884,758612.5296427174,9287.62640037349,4098.325883663964,641736.0380136773,2535.001592467959,216.7586384332428,757678.3348280916,2604.9901874174225,3766.1871581072273,777216.1739762349,972.4955727252396,754.1839925296375,747346.7136227527,49642.43458036711,1134.527720607291,801498.6374604416,197.5272854644772,11777.854419008681,698692.0472311603,4815.278958788621,3343.636714117342,723517.4212230485,1220.9339107529195,307.48829387698413,763307.6501476434,4610.982626353192,13204.631838693545,603660.8723297059,832097.1468987005,,4781.4271185310845,717639.8410289817,385003.1976410431
Russia,15249.006,114473.98373001098,51042.94895695182,9381.741,2044.2992778257328,4759872.305114036,10780.904,3183.1240000000003,94915.6062000008,37325.78256327409,80123.40437616322,22161.754200000003,34824.06,196.09,4596169.329454552,90709.73175310506,223749.14535126646,5814703.117032726,20253.88,48500.45849609375,184280.447,83976.79599999999,92930.32975998335,4899527.6121617,117.14,87486.746,5947416.368641112,129210.33833813039,75910.17600998783,5969962.312914044,7128.35,27207.35339997101,5724704.727475723,328111.82889999996,108932.73902566686,6049137.558657115,1615.056,114.489,7836440.177142128,46461.37297424317,660135.0667655857,2631844.957337733,25.0,34850.342,5591006.188323171,17595.869313326984,269816.3908261806,6225684.609912746,10018.199999999999,8497.826,5154806.623106149,145775.78054140662,216705.8132117186,6387496.047114082,5.039,671.3265948080921,5612436.849265133,77521.56381837961,152374.51074254242,6589185.080168451,308.777,,6635049.680205436,199247.46638786487,162758.37340000152,7293282.675039895,131122.92700000003,21.81,6034018.448495818,22871.786,19551.840233468683,6659051.0811986,37194.994,21014.781,8056989.825080334,67431.33414210143,164127.405,7515276.174767583,40369.37165956297,102.44,7089817.347593471,120927.817,296671.7483865132,6752070.400357189,21375.46,15741.16,7441973.916734667,99797.03720000076,44706.38145454546,6588066.4399326835,52.145,4406.30799023438,7811572.527898876,143467.57662856107,254774.76563993836,6477367.950560423,65976.069,79778.113,6977607.652682057,188838.09878912842,17261.333,6792981.536165673,93730.43699999999,377.64608984375,5851473.769958377,31011.426999999996,104771.6660289599,4766604.191724017,1322385.153958671,196.22,7232083.267647789,283810.7805304108,4401.76895872427,3692383.853358633,,,5983802.742855852,75483.67957934574,54734.09673944699,8803409.094790643,,,2964664.2765068794,46150.62398780679,148.67000000000002,2024786.2255287138,14.874,62480.688,6035454.3236791985,142586.20469395805,,2106045.647613412,3315161.7920354316,28120.0,,1942476.564753886,1282494.3849904868
Slovakia,120.05000346899041,558.5069857330326,52.7999992370605,925.8200067443846,1390.8999605941772,418700.27774395497,52.7999992370605,135.598999023438,1008.401243211723,721.1069930877686,208.1707121300359,656.6319713592534,372.29800415039097,446.46000030517575,427601.1286440968,1768.831948461729,985.7789959162483,460651.0655163607,154.06400203704834,17.798,2979.1289829760813,581.2449983954432,127.68399810791007,371447.1473216508,10.0,131.3829978637695,447895.666862775,596.9179991483686,16662.882816101064,577415.4045959251,31.74699974060064,42.2700004577637,355666.50620297866,1230.5100059509282,2142.0200236266105,446211.15445479803,,109.51572633530026,463522.70618206006,709.4089905319212,2530.0380451517112,481826.0526893858,629.125026855469,352.450012207031,473189.14198060567,387.28400576782224,490.2884154302258,562522.4675110977,,24.5919990539551,522822.91107569326,819.998001586914,303.12077264515955,505545.74406099506,53.6280002593994,295.339996337891,500094.37944522535,64.23000013083215,504.87682729501125,613954.978083693,279.4850006103518,118.0569987640381,672146.4179666634,549.2993105354182,967.4690007488243,598628.542531864,30.0809993743896,25.3540000915527,636897.7794426039,181.3930001118183,658.0110049060311,552537.7059178832,1200.2420146465302,64.96500015258789,564561.2224413233,955.4270234107969,618.068001327515,464688.5664526371,181.17000060968144,59.659599609375,619664.8092390741,2282.704017478943,1793.5128145186102,640923.9154540441,101.09178260021693,144.01540244428818,442202.20734991995,4512.352023601536,418.2129964828496,354602.4707264748,65.0,582.3100133538248,492100.6636904649,2960.2146099117067,231.5703774090242,370083.8068084234,44.54390319840934,710.3159999847412,268982.31123203225,8371.931231072394,4271.869565170577,436693.97383319825,,63.1599998474121,356808.9507808077,595.0980119064577,315.6940021514893,311484.09897523234,263.238600000024,459.426996826172,483106.30891622335,3880.825321081807,9441.560751420964,457906.85726603225,27.6077640811729,510.074994995117,348991.65904536477,3038.629874558726,2549.436970792133,460473.753485085,72.415,,450417.2557107775,169.2692346614944,1054.053043945313,337509.67534192774,45.4170004650951,10.0,489113.63839568105,1173.2796318000696,1369.638998556883,374467.6881064691,547422.554287398,1137.690025863648,,319751.07064727624,54312.870693290664
South Africa,1409.3319999999999,2169.3141216779027,18070.289,13773.446523904377,16475.001849189506,369563.0518512224,352.90618636863803,495.636100006104,5544.899019433562,2862.209811956841,390.8262611946029,1805.9211098632811,322.94600051879877,8126.867697110418,451923.0299025156,10855.246058373068,16373.860437413583,553476.2212675915,729.111999206543,53.675,18104.634793602916,29209.23058750667,8535.77066414894,454040.5833105192,1759.53202285767,508.7828447758012,578804.6120492305,3254.4533778686528,9509.64877999997,447962.2628710374,167.31900000000002,4216.534813099078,418808.58323686954,3516.74520102636,2088.686633934211,541079.5216631315,925.132873476959,477.1232368535259,481512.1952760177,15912.037291215398,10561.919410608829,294349.766589215,27.0,470.59675233459456,470607.9285154148,8577.47031171131,10703.193411958875,445521.81878066575,7196.445203379678,6.658351868806454,416677.6596545793,7383.911379940039,16614.008407407287,370754.2841504096,60.724180000305175,424.553300048828,390131.84937549575,5955.386918064271,24978.61119802968,318497.35717485583,85.38700227107151,1282.8683787828243,604466.7759037052,20767.262450039783,4556.733433859311,448767.2541530962,27.092,1813.3139999999999,373425.0849383757,401.7486437537301,3171.988457624419,405437.45455923636,1066.914024414063,66.74250109886393,475493.315642385,4433.467265813529,9041.388484569068,512912.3567404746,69.8739647171242,259.311056640625,475074.2239263505,14104.816135865312,8609.952,371245.6037148945,75.7062399207288,1106.8230007858276,471673.2263618128,12854.852855144833,3903.8713148931006,351084.4896191798,1157.58446875,82.5251199951172,465356.0465406942,14636.386802073284,20452.89122359892,420194.89177917305,309.27955299377476,382.667,192550.90821442797,16023.044534633616,4643.66315174219,313602.1757249983,3826.160000020981,489.3783300995827,373266.6531818264,10824.66744711675,3537.325578593926,281877.83504306845,2559.2749995422364,5144.3924604347,329738.45048175525,8274.532440652258,83923.22990307392,222092.65207507764,224.783999443054,5043.39480116272,366333.1229210485,6587.460164306609,37795.09887143311,261260.87775739367,637.9729364898293,3295.6848399658206,428657.76813976077,39659.2654640139,5766.39692518885,337377.3084364149,2105.99231693781,13190.197640625,266314.40538113797,7661.344115906941,17955.408911247527,309885.17766151647,444990.5433139415,9761.25623179204,2615.089,327668.40681168064,253926.95822097058
South Korea,226.901993286133,645.595987411499,1474.3657749216036,4499.852000000001,5148.343195209614,2827741.3365438255,4142.675025177,269.21500000000003,643.4855007517482,13910.628600097656,520.3291691978283,340.86899999999997,2484.357872105948,464.94,2706140.428581981,27123.801574094956,4676.4096986724735,2647536.234500332,455.138,300.305,17974.41233701325,5322.306700873139,4599.523127979368,2475703.4768629856,14743.307,615.98,2728240.2022219226,36780.31762987013,17639.960003385546,2526931.5337678837,1912.4999999999998,3981.8608406944672,2813992.1865195744,11227.82500001526,5935.489518629045,2554778.2963572885,107.03305044097966,10207.3,2491505.259536524,4216.797107712058,26003.221258223002,2628214.4589659334,1166.4499999999998,7188.742,2564055.047451647,35793.56547610167,27243.040148347867,2654299.068542661,1952.9679999999998,15.769,2407055.1693375297,21800.42053894358,9293.980614800192,2572025.5476380973,1444.1968000000118,1171.9192043535604,2898932.3643730087,13018.281998167991,46265.332212515335,2720934.102709052,85.7885,4586.819720574804,2564839.505915131,34082.7019115732,2647.003599975586,2496213.153535167,491.8367264663622,8632.155642838246,2494952.1863769023,19436.308717858978,9754.984096266217,2668698.638220387,863.0395593940659,816.917511275014,2752816.2525995662,22150.6030715614,2606.1012140912326,2585125.867401027,155.7894134161367,86.00399999999999,2512375.1526538883,30613.80597192383,5772.953679378775,2841900.644820868,768.678,6951.43394628906,2548733.2867843746,12452.555759118773,4918.083062924656,2498371.299552804,6690.198,12166.037,2475356.4239501124,23589.42058031644,2369.622812207964,2622596.6025609765,571.7374,705.020014976501,2075839.044825174,6267.904656351461,3075.4349210822797,2558843.4916530466,488.580239990234,3469.2529999999997,2554317.6267614863,17707.860575321047,6056.219227988889,2667512.12077051,1064.9890604796672,61.6220034870819,2403834.192205619,4951.692267114207,26756.94577481719,2263471.7635850026,483.34000000000003,6277.174326550484,2554241.9337207368,38562.08639346648,18111.046835745026,2360122.6524892147,677.4358994133011,6714.799514069147,2128493.6361389877,788.1762511100102,11248.655843627777,2277936.645390459,619.8359623471042,610.5152024346936,2246872.433053862,721976.0943512394,5054.483754231909,2187746.123211304,2219726.900270542,149.10100776668253,15734.698053526072,2286370.5426425813,2226492.7179366006
Spain,49.57,5066.802231800208,8064.515987000738,1331.050697938155,15751.609425175957,242916.93831476293,221.57328885225098,183.54069707458436,8576.655484125127,835.4462602597242,3237.847403734618,6360.246448621212,1414.272980849236,176.0227899999619,295025.1859225425,17271.07686845616,9411.864255688824,337830.23410721426,836.65621162771,335.566267180878,26071.10581374135,16894.616574821925,12086.71274380741,312508.0391644517,254.22023849509537,165.89995199584962,342228.7534628955,7184.303589761399,4279.862901708865,363454.96184219804,243.74570393755658,340.113,306940.7723835674,1692.601170935462,3173.0360864817217,280763.8180335197,188.692,304.68292585866584,350855.40167331416,2716.4043928775673,11567.805059124417,350599.8618575819,7046.164931968031,795.2820334166263,306177.2655014797,10019.073113435412,6627.203420613639,252131.2107696712,661.152,2178.4002064337383,422884.540800901,2983.721231582805,2647.5238605731424,340978.614553239,447.9919047600963,241.59507016093556,335992.8476747116,2147.782370879557,1092.0362499999999,290298.16177301446,1295.68,97.47989131622016,335919.8150295671,17018.066672933306,11068.105534431694,367408.0276137232,255.1407257024214,1418.682,344457.2619298961,3426.92710326705,18070.19586761294,345932.17256974865,575.1349868776675,214.66887890530532,335477.16936876526,4042.932266890325,21503.856577275023,312971.42455556086,484.0945343551915,302.34311600458386,431260.560999035,1585.6327935150453,3257.8630881794224,263766.60880256386,289.804,57.9135,323892.08240253245,12564.787939380947,3712.8929263038285,310864.7320705134,1836.818743791587,121.68635402489154,330093.8674088295,3513.4380862892617,17058.081976591442,228569.92418682267,1200.029,118.4898458885568,214608.94807841786,5758.16504702396,65119.127819554604,312271.1186538792,1772.7688177202558,157.00199999999998,310827.7124518998,2938.8849704352147,16845.327559096364,207906.0689182514,69.9811742910745,895.6623674214754,346595.2429697383,28093.405172221297,5538.728347303457,263481.6169653548,1391.4655915287226,12988.365575165904,263255.51415492326,21901.513841626696,3057.516948010621,411210.9649466511,278.2403999284316,9958.3992688142,208031.2778625869,5431.101961349222,23587.33147764131,186467.82270688526,1094.5649951433127,5148.405346550577,289316.94118325185,7941.195912069682,33850.10512560266,162418.69577085334,176832.12615376798,3057.1243512814763,42992.870462731014,170276.68540633557,196164.67156113937
Sweden,9039.532085639681,5713.084215897692,1495.5909257108035,27943.10938527915,3059.6137030842806,267149.21591897303,299.07983093348764,649.3592701651405,5614.412749563026,10355.72315430213,4924.757057331847,17540.54971717038,2882.6641115925354,237.366731661523,343854.94893885055,96456.63674997601,625.1513818509839,285772.4243071106,1851.464950267127,3923.16000302214,39770.008208196865,10390.933095264561,3455.0904646534177,380722.21791178687,119.06006404867188,477.61299951653916,241575.75859136166,7426.1091600398995,48784.09855127885,351119.35650758597,1345.3732408888911,5190.356172574301,376859.90326083667,1726.2836963371878,1616.5072043555765,231600.3927703182,103.7539350633246,59.3819980621338,355848.1445763978,3179.1407445137447,1094.4345168693737,439030.43103682366,1613.6209939643768,49.69599998092651,323444.96588079876,12820.359663478674,2287.4702334616054,304046.69748828997,1600.175162951904,826.6363046234541,478130.70822301426,2031.369916486229,1010.9865828354425,418606.8518452806,87.93400084972382,681.1540014078315,414260.76246601157,4551.141882606982,849.1205395694451,372224.40034944634,391.9430038928987,19.220219366714698,426087.77887306374,15079.144781045003,31479.075535830183,377709.31690087874,100.8279982954264,3925.7054175601083,442802.7470774307,4358.1668724111305,19810.53939462205,369634.49180984905,286.75699567794805,2242.6628702443663,379553.8200181528,7193.6230851681485,2599.211015964019,399979.7680689985,53.2758624481246,2246.069821101251,432323.49464446754,7086.4873307869,1514.5768045979307,345488.34042621095,929.265000343323,471.5284872865736,404760.1893604444,2011.698879607905,17163.06409862967,368181.6912439799,90.35400003194808,19.74865506137196,352083.67372173315,1533.9838957586649,9792.853491556501,381855.4119994647,1925.0949554657218,125.02387868553893,337323.9284996041,1684.0455734486295,10147.065516747756,421990.6063300336,304.2463936503482,568.6169933236672,329445.1064510938,2131.8653531661334,17170.248757416357,266441.0727957831,1011.505486173225,1003.3001719412798,488654.8423236736,40715.95270368616,58751.322610409465,180897.08261832592,1315.160629302472,24631.74912071498,534886.2383336254,59384.96580489158,65517.67691016868,165682.87639196432,134.8260001000015,2333.3031030053276,244580.3130123401,19840.42936453443,88791.77673779053,149662.58440051915,1639.6873456883127,9476.22069045942,172189.51339946568,26039.666799351813,29500.988340690423,117683.20588366079,303819.3435269176,497.11098975408896,4865.187049639903,220036.57717780356,192339.2415862529
Taiwan,350.0,515.199001220703,1682.1092176791963,14955.3164162165,7826.891553089989,1044998.2954536792,167.52136795306473,1899.3137307704608,8816.935062751489,6686.82419726193,523.3721143756445,1062.670582520665,8204.514933556766,157.795006103516,1092191.6167651904,7654.365355180355,25303.944833539317,1052863.4372459613,6046.678644744453,2339.438633398214,9562.929945118161,8451.83415485045,3521.7554565066916,1001398.8205241511,6352.786034910348,379.4489955902103,1009679.5677443478,3734.7244079861835,1028.2287571567367,894800.6181506889,8949.0,465.0,1025853.6922190639,12356.464019829318,4395.429899943538,905833.5260731704,302.35000610351597,218.46599733829487,838101.8357224109,16533.2781609614,2251.329805517197,823228.29623836,253.4029969945551,76.0,961917.9864308747,16635.544829186474,6514.741927010614,770004.4173272528,503.3795112173417,2881.922263243169,1143331.4068494923,2987.9539855555495,12889.169714562635,977279.0137842994,892.3860593995942,595.7555634327795,733370.9163912053,4227.39042232683,4584.427922864586,811471.4341251357,884.0,303.4026213757793,818841.2044942327,10235.964747386432,10311.24050257084,853182.4122599564,6330.040014545034,370.50315761765575,999779.6919621895,4610.077295486517,7632.571542494324,876723.1381871947,229.23466258121312,1834.0,904631.6554196952,5848.710375098723,2792.708287891856,790445.1338571634,12096.02099609375,110.0,889577.2710292375,26880.091706292376,12105.541666797846,790550.3479089306,218.50328758005256,264.82193094348906,788051.3752706192,24317.89404937651,13068.435719667614,723315.1862769313,473.3350092832049,113.19685366594415,870478.0753707575,25087.756048393243,3692.086188722425,697459.2221692305,305.0912344171113,51.384283951631275,642590.41115844,408.97804933102725,6163.942957550307,795166.5892797234,3951.0,440.0915621889587,770206.330614339,8194.520124816032,13435.5090385787,747553.9998001242,2598.6341977610928,1.765518537490897,881202.0098564415,17048.014210011184,12965.14908654024,773167.1041987349,329.899,23089.47721380469,867544.4764864101,5794.453221570197,55301.81442491804,826493.8481480231,83.62603174822826,1157.0,776313.063414469,13756.668562029583,32406.91868227028,717464.0000448435,269.915810550016,1839.1743120264869,851713.5704242901,9119.162601853115,25637.05554238152,650372.3539183765,884760.5368887804,1896.732,424.0,663377.1510055213,690762.6759178042
Ukraine,49940.966,121628.69140000154,6749.765003166199,129444.38785444612,30150.702005846022,3408706.5641339514,10940.539999999999,1014.63,31840.086,16649.289735592985,138156.47939868164,1527.734,2207.1069907518263,5182.387,3516948.427833327,154548.20124105836,204792.98260434793,3592080.431386406,87869.606,11760.921999999999,128431.9883350792,96455.70079117203,177925.444,3160430.1468632864,21404.501,4927.2655781849935,3875391.146467763,235739.81754553344,52016.96357322619,2712695.1388481567,13190.27826000023,5220.064,3757198.6055984343,84642.84302849867,72967.34298230018,2603651.454004736,32359.01934039985,,2599900.7449825387,122777.29556936724,96057.44575,2590513.5196211776,19289.73440156174,147.9670001296997,2336060.962982539,77849.87098675537,105491.72,2710790.0963094197,2362.431000003815,25442.319998626706,3021425.3872504816,123525.38804522794,83337.52623325028,2252632.216203496,18433.615,5978.19,3117821.7120895665,146967.70793554687,174554.14320442925,2964356.1794461748,36817.096,19892.244996337893,2146395.264275642,92783.07198754883,101404.75268846875,3108513.7114986153,45303.4592997196,80816.416,2427915.6390307993,152830.9551213225,41501.841335511774,2323325.2845407627,1771.138995361328,8911.658,3461070.4509482346,131085.908,115445.93981445313,2946313.7658898444,12909.480020996301,32868.73029999924,3066973.971187861,164645.983,212271.35957256643,2319517.469080024,28144.674,42192.325000000004,3274810.6774085453,111570.359,428246.145,2510935.608943053,35347.95273059011,38063.627,2449714.694958933,205586.256083911,160047.59300083923,2470319.8793840474,20520.868000000002,27550.002255978747,2565720.6775228046,178701.50797917787,93422.25797997921,2721940.0453900895,41232.973,0.589,2441230.659133486,355908.39723740576,134981.67823224075,3223686.438476694,147499.4089015808,114491.208,3072580.1776455897,40866.726957791,288882.9650973595,1651764.24118916,5150.038,7353.21599206543,2424721.605022733,228583.41686927047,157621.02994826602,2415229.028238936,4875.98,267.43,483252.32769864367,17779.36499998808,18248.388217395066,884735.7594268175,4822.464999999999,3323.15405273438,2158060.7682020008,19188.814260633135,690.905009155274,390274.62096889556,880149.2599380958,,38767.92187500005,620786.1274188267,630817.1306420083
United Kingdom,613.7909899007761,1701.4343845186702,6359.1299551229295,7137.072238179833,1945.644826636849,1086995.557644761,182.38921315139402,544.4497023415569,2430.486692945006,3600.2648292261656,12247.644739593756,67.446,583.596529019753,11710.79618128183,960641.7097709583,2931.8769794459613,24963.797446553304,1051584.9278690282,732.219164911407,1724.837797744646,218344.6858556501,190075.09916816864,3359.047292898754,954705.6610917653,435.21414356733226,1058.8936140871838,566591.5277349504,28584.663373020492,24829.425956515755,1135372.907349586,1478.5959657452058,867.5853647409343,994877.941871226,57999.21595450684,4919.5810293599625,1008341.0547224516,1003.0386938064428,1099.0088775410243,942020.7321099696,10413.59495652081,8523.705567991678,290713.2188184857,387.28700000000003,1864.5969651617377,1001058.5234622373,15137.512926703073,7782.506821687072,827929.5393260213,2511.67256788425,5503.8821222456245,392139.2240600738,36050.52138955526,5801.872062062542,379335.67173353716,386.542640041429,5293.844532289426,389004.587811551,13681.375008909963,6736.631830600608,315358.500206766,1060.7369780887402,711.6946017429825,338671.58193223586,7670.329158831497,1913.307399292726,369532.7005183529,2781.261577979766,112.2459849523656,343693.41950100684,39255.57502678056,7888.985544927987,247128.06381949078,193.3732357501541,146.89600000000002,244243.72013215921,42390.394901779524,1766.7177324810923,341897.8102862655,471.3023962858435,317.89886581411554,347561.9188111827,8557.404657267187,40038.50535226228,238609.98908500446,101.8008425524362,84.6725809076269,326728.1599933644,23687.289156361214,3269.062337873812,221874.67590822678,1033.0821795698387,132.124302161606,283668.9495963925,5321.169041720546,8496.458054797304,238745.50849236734,26288.36272214697,1375.7408147757367,192936.82626002113,17596.090220028273,15058.736518455833,133778.4939703844,6219.022790111836,177.02151354063,230520.94035623322,21248.149839231162,4311.447756473359,218872.2579393939,1207.5731529992966,460.07833184964574,231327.3722852257,25537.76459358938,1545.5258615871674,100090.26901652954,161.4351600593105,40.231,218503.76255291895,14169.031197337588,13918.01823581056,121660.86946776802,67.673,179.787053007555,97011.61297434467,752.4398415149293,1446.7209163029363,111309.8404719711,6332.429855785979,6.0,131964.3956441721,196.93200000000002,3003.215180400359,92707.23567887949,88213.00930142324,1620.5659216555302,251.52998688948782,53894.683984416864,115449.77414736224
United States,687.2620238970587,1442.6886630695064,26234.765323800726,12214.413129822233,13009.269210336473,816698.5819997214,3169.296483610708,22034.052394716044,25029.120000000003,36282.1088341874,19633.733941685976,3701.04041861606,216.192,2023.827545172754,765813.493076618,10089.24311516903,10358.162430137125,655947.5912120547,816.541,458.461,16240.879028723479,6690.521,17959.326049446827,748852.5032280431,10233.087315845672,1664.45,717931.3219118755,33432.72342586334,8070.124878608517,720972.8412493985,5507.829000000001,7195.018,702226.9797818857,7785.143309075978,3804.820517441861,727591.9275071279,595.429,1588.569,695055.014603739,8973.770948121457,5205.206244938714,648990.9396699405,908.2319999999999,1963.7340000000002,778654.059183914,4861.829616137525,116696.93623209813,655986.2931665556,764.33,50715.254,682675.5663509364,4967.639562066925,35509.4979558344,928490.6828943571,57360.143,45021.39218496611,717348.6017314104,171270.09866205332,81845.51720689952,639796.1420482172,80711.197,499.21799999999996,1104051.807805903,31394.346356343987,14541.738921820637,862275.0498150551,14394.527,477.30400000000003,794300.0944042245,9857.659,10421.881,841741.0344323671,79.123,107692.061,863686.9947042105,83631.10117841847,137034.74720653586,721430.7907341738,405.131,105573.94600000001,901359.4302961065,59648.315,10614.927444073157,713595.781474564,957.305201501401,99062.04865500165,655261.0165347882,5225.064,2721.337,681790.7395260853,841.73,675.513,788977.1555484419,162264.29953517698,37116.11361766354,647216.6970861575,1535.116,25465.266,606098.755792785,6468.703560404924,4766.195,722598.0829624312,937.5219999999999,111868.19780768054,819740.5331402872,7984.506,4004.431,916902.6216783052,22180.5014937427,3949.765,794228.2778441939,134232.6341228991,61259.996999999996,890479.0672485039,34320.47,3154.897,648279.1269147996,2082.724,2515.083,834953.3102957413,110.195,36367.766192249,1087346.338343117,1880.124629550971,12003.192809583757,1087357.1228539506,82194.215,105403.358,784846.767052203,58943.50364440797,893.274,916038.0592022077,956784.582048684,1550.848,368.842,768331.9308544131,987018.305172158
Vietnam,116.657,982.83701525879,698.7858505401612,284.0,1071.1127802840765,141864.0607550254,14.759,731.0549998547062,68.61475,1464.1143888624758,6719.239812266844,401.644743743715,1384.5750081863407,152.0450799865723,107819.18343222415,826.5619990844726,5663.645291384428,187752.71160102775,7937.606993896484,2940.80009460449,1237.3761231386043,22458.802177983274,1523.7060009511756,131324.58256530727,2029.0416950329388,50.86500001750886,144286.7139869372,12844.23900012207,6429.69652049311,209204.42699487382,259.8580002593994,455.291,109960.29144648615,1126.3109993972778,747.0409961547853,183764.19832963002,531.9670198476213,766.0558982830848,155081.39810653214,4534.45370085144,1636.3681689854152,232760.97399068234,92.197119140625,702.078,216544.86666458423,1452.8312125176872,12382.127329575209,162206.72409281557,211.9769993286133,80.865,235257.07621245558,1942.2788202329425,7247.568219772339,428256.9466271577,292.9259966888428,256.257689453125,234552.28111717102,1957.1454208667635,15120.604156585689,288549.10085694387,4333.857567968253,26.567,289838.4695654647,15530.78833778942,205.88400000000001,365699.43417045765,100.60399934348467,34.9410143385646,321578.05935529317,1358.592056335449,23767.511651642388,465751.1506965844,2.14752001953125,714.2989996643066,387079.8124193624,816.7420353485761,9547.68680985815,532327.6499989202,182.6949996948242,318.0469993591309,387751.7472948491,35.423000411987296,28049.016922917264,640113.3112662188,66.5800008544922,27.168,513518.6731918587,14601.597564554602,2891.653759609137,842967.547480158,357.936,6308.07134448555,577589.0375110336,21843.739995330812,19088.821993652346,462862.10018806264,226.083,43.13,746695.4203006398,14452.577219379107,48098.678001971726,1059311.2243937592,29.56400012969969,128.358,644995.1857030226,4642.936481179274,45472.463,1445248.7141985537,391.95000854492196,31.8296937506221,1243401.3208404535,45085.766634766274,36910.91124981675,472471.30296352744,86.145582108453,727.545997558594,1364287.8694869627,28377.597253881187,19601.879543445193,1286959.2777854672,901.2740185546879,228.06,551349.5880826504,62913.815438027275,14586.27598504768,390860.6802049441,1167.037005789578,100.879997253418,1375229.9563710366,48469.78098274314,155.615,368226.03794876655,496322.47767139715,5427.762572333937,,416427.60830865405,265527.2866044963
