Country,Nominal Value (SUM)_exporter,Tons (SUM)_exporter,Price_exporter,Nominal Value (SUM)_importer,Tons (SUM)_importer,Price_importer,Market share of value export,Market share of volume export,Market share of value import,Market share of volume import
Afghanistan,73335.17150878906,87.8909996185303,834.3877282893891,254192047.3125744,470325.68259241513,540.4596362067209,5.626620702123012e-08,4.987290857071331e-08,0.0001952619590491996,0.0002672026453997421
Albania,121209827.51995659,238976.01437716436,507.2049922493767,229555391.30408648,317848.3003276272,722.2168281770536,9.299790411519129e-05,0.0001356046576709203,0.00017633689130023463,0.0001805767999213304
Algeria,1045804569.8313358,1745088.635317495,599.2844997475248,5397484208.1908455,10271313.349408409,525.4911445673811,0.0008023906567509178,0.0009902338844105143,0.0041461696051115085,0.005835365152853067
Andorra,224879.00421142578,278.9250000391006,806.234665877571,902873.8910160068,769.1949177421866,1173.7907651108867,1.7253779251299245e-07,1.5827332816116268e-07,6.935579873487174e-07,4.3699700963781434e-07
Angola,20946916.59423828,51277.096999988076,408.5043385791351,542158377.3586394,731220.6703697296,741.442904075053,1.607146368242418e-05,2.9096699110847664e-05,0.0004164682097540442,0.0004154229818299858
Anguilla,538916.6552734375,617.982,872.058822544083,110007.712890625,88.92,1237.1537662013607,4.1348230963324356e-07,3.50667985551601e-07,8.450430198994954e-08,5.051746079011215e-08
Antigua and Barbuda,112004.9306640625,73.24525,1529.1767133576923,608947.6575317383,596.0885855151196,1021.572417806837,8.593547252272226e-08,4.156231778388918e-08,4.6777353510928014e-07,3.3865139165759635e-07
"Areas, nes., Spec Cat, Islands, Other",2087718730.9233432,1806780.4132266939,1155.491124234033,985866459.3763186,1310580.8475621168,752.2362784487373,0.0016017964081825916,0.0010252402947663426,0.0007573101450416439,0.000744570586808268
Argentina,618486289.9763125,879185.3786380867,703.4765420398444,3256578479.949932,4389874.799465026,741.838578254395,0.00047453189125533135,0.0004988853488506776,0.00250159633440677,0.002493987045158298
Armenia,25481098.92582512,47946.7225764928,531.4461042707001,68836731.29317951,82234.46979226609,837.0788000101317,1.9550302505491404e-05,2.7206909941875653e-05,5.2878109873835796e-05,4.671926004640648e-05
Australia,3487405983.7325444,3827247.407799567,911.2047412000442,3205914941.276373,3348214.3156765746,957.4999205594618,0.0026757025723224102,0.002171734999887798,0.002462678272577718,0.0019021961921849252
Austria,20371381847.321857,19974645.43039817,1019.8620004698516,15364702118.217093,15875548.654514426,967.8218027348574,0.015629886243500077,0.011334421836210792,0.011802658137928477,0.009019257834862238
Azerbaijan,292052118.3742292,557418.0458689388,523.9373223358059,570900928.3920808,872909.7168078355,654.0205904452778,0.00022407617811957752,0.0003163015480304777,0.00043854729083544407,0.0004959197300061598
Bahamas,123695.77719116211,145.78638281846048,848.4727777709763,32225461.208234787,23706.213299746265,1359.367723590832,9.490524210822571e-08,8.272509099586084e-08,2.4754537969656765e-05,1.3468035322221853e-05
Bahrain,733105413.2338214,1507585.1452940602,486.2779495554305,331936088.8771949,377288.5099715661,879.7937920299,0.0005624730957976288,0.0008554647966247978,0.0002549823713154541,0.00021434612583275334
Bangladesh,116257930.89099407,167859.0802048688,692.5924456937539,7871805148.317461,14877348.846163383,529.113434773526,8.91985751555591e-05,9.52500323827975e-05,0.006046861460712611,0.00845215797342419
Barbados,33062.818359375,24.006,1377.2731133622844,4441735.549862862,3375.9912737803697,1315.6833622052263,2.536735572086262e-08,1.3621975496295577e-08,3.411994962919489e-06,1.9179769095924492e-06
Belarus,1436250733.3719373,3142174.988656146,457.0880802492152,2940665787.1914744,4836627.769580582,607.9991943325588,0.0011019593932307613,0.0017829971965569798,0.002258922608266665,0.0027477975000692154
Belgium,56017531908.5475,56142681.19026796,997.7708709476071,32479866310.46866,47476506.68932843,684.1250246781393,0.04297929605042173,0.031857628404155826,0.024949963590479643,0.026972475991111633
Belize,10488191.341369629,18360.110618649825,571.2488099454008,14125344.676452398,15944.071181751124,885.9308589025644,8.047035728566489e-06,1.0418269472487052e-05,1.0850624568823158e-05,9.05818703057658e-06
Benin,7.2695000171661395,0.005,1453.9000034332278,109074877.92538536,148911.5101957348,732.481174772946,5.577503733766886e-12,2.8372022611629548e-12,8.378772889213621e-05,8.459999299943116e-05
Bhutan,1644688894.7047377,1461942.8129919544,1125.0022094494807,311582164.6920407,836756.6889770551,372.3688962354798,0.0012618829946267208,0.0008295654909423407,0.00023934715710340233,0.0004753803781630955
Bolivia,37112.59996414185,21.80491333305835,1702.029235212578,437393834.91830206,593776.8623388357,736.629974424139,2.8474539429259242e-08,1.2372989882603083e-08,0.00033599153862263646,0.000337338049497053
Bosnia and Herzegovina,291583968.40153146,611143.3400036702,477.11224080390105,463235293.7219615,452688.9556565203,1023.2970960162837,0.00022371699135095263,0.0003467874532306187,0.00035584209619923503,0.00025718282239648094
Botswana,3681859.4016999016,9931.208464685133,370.73629204264563,276856785.6686065,257828.7137752777,1073.8012132733734,2.8248964181433863e-06,5.635369422417067e-06,0.0002126722646017347,0.0001464783168995461
Brazil,56862580489.19226,110558267.52708869,514.3222823680729,8298699654.963992,9379886.163980313,884.7335148726876,0.043627657231057354,0.06273523332362298,0.006374787761147345,0.005328925230595939
British Virgin Islands,3080748.0922851562,3759.038889892578,819.5573875462604,29358891.804201126,61160.02800029393,480.03398239222565,2.363695432552465e-06,2.133030727640541e-06,2.2552533762602172e-05,3.4746393572053646e-05
Brunei Darussalam,130558.31204223633,162.94107458291043,801.260899846364,54872414.891558886,80475.90531574264,681.8489916487437,1.0017050294660355e-07,9.245935704859102e-08,4.215118192234741e-05,4.572017983959522e-05
Bulgaria,220214013.79734764,245528.07990918,896.8995068865607,4479929075.46669,7319570.734671464,612.0480609943542,0.00016895859155129406,0.0001393225646994648,0.003441333971402428,0.004158413490656973
Burkina Faso,37930.18869781494,160.02,237.03405010508024,47141930.896081924,62970.733604678026,748.6323915492673,2.9101832118437203e-08,9.080182116625921e-08,3.621287871690072e-05,3.5775096331521816e-05
Cambodia,8351722.888763428,13580.263999978542,614.9897298592003,193779104.8677374,193682.77530641734,1000.4973573988067,6.407836231579417e-06,7.705991145585798e-06,0.0001488547263351104,0.00011003556013565047
Cameroon,724420.5784606934,616.428,1175.190903821198,608497337.549747,998127.6572458601,609.638790321448,5.558096803963103e-07,3.4978618308883156e-07,0.00046742761413019263,0.0005670588707652298
Canada,20347047543.564545,25653414.203509472,793.1516398616836,21831402497.170246,21647464.564676967,1008.4969734882218,0.015611215816408182,0.014556784956949386,0.016770164391284544,0.012298413656673536
Cayman Islands,55026.0,47.43,1160.1518026565466,2704111.4195667505,2187.1212069994435,1236.3793149244693,4.2218545942572e-08,2.6913700649391787e-08,2.0772093338649317e-06,1.2425529669120237e-06
Chile,161348291.3324188,242154.9368444995,666.3018868619188,2971613804.8112082,4093807.7540507927,725.8801544529829,0.00012379402919298542,0.00013740850687339728,0.002282695856143643,0.002325784668213203
China (mainland),157745227260.328,202306003.36525017,779.73576975632,77759127639.26492,106341819.28649531,731.2187073814695,0.12102958827302766,0.11479661003894562,0.059732000891943485,0.06041518990277462
Colombia,135281922.65988246,116486.21082534862,1161.3556806540375,4242388732.0539794,6319811.543365654,671.2840569601336,0.00010379468009696726,6.609898814959675e-05,0.0032588633028730156,0.0035904277085343295
Congo,941158.3753335476,2589.1704001908306,363.4980437224916,63955340.059529215,71034.92259958477,900.3365910601142,7.22101154149962e-07,1.4692000227915234e-06,4.912838589448534e-05,4.03565442774761e-05
"Congo, D.R.",494442.4754257202,622.4633554930496,794.3318607632336,278133148.5619334,230631.7661806847,1205.9620110788837,3.7935961844800273e-07,3.5321088793919205e-07,0.0002136527245399728,0.00013102711656530648
Costa Rica,232576900.4933559,237813.22348375537,977.9813632156702,2003072431.4858944,3089604.867456241,648.3264098218102,0.00017844398209318764,0.00013494484308051235,0.001538694271612766,0.0017552743224095852
Croatia,766218787.5441556,1143684.6907265796,669.9563207909856,1095766152.4802778,1034216.4471216376,1059.5133693047921,0.0005878792404317005,0.0006489729581173813,0.000841731469789058,0.0005875617275748586
Curacao,412.220397949219,0.379999997258186,1084.7905287460865,1951968.6710624695,1644.5053100222647,1186.964042722393,3.162749574616439e-10,2.1562737029256838e-10,1.499438045933965e-06,9.342806176133714e-07
Cyprus,35045062.466142714,29414.83995170639,1191.4075522314615,84679545.27780391,92053.08559374245,919.8990422930508,2.688822701608607e-05,1.669117008454556e-05,6.504803780114742e-05,5.2297437495397234e-05
Czech Republic,6649890400.863812,7064521.989912628,941.3079059502023,20306733570.28293,23156341.255403917,876.9405039556503,0.0051021099735022975,0.004008695552763105,0.015598963935908488,0.013155640591681554
Côte d'Ivoire,13173690.292923098,24412.77559839172,539.6227987198213,451566114.3109978,624750.9503755053,722.7938013372927,1.0107477353705316e-05,1.3852796425804158e-05,0.0003468782168947048,0.0003549351286457477
Denmark,1036532737.2339029,836840.011216991,1238.6271250660027,8606207876.727032,11344935.862668188,758.5946699837012,0.0007952768688963299,0.0004748568744112958,0.006611005449466095,0.0064453143568227326
Djibouti,78085.57788848877,83.86000000149012,931.1421164691302,1488620823.6940598,2119651.5278493683,702.295072626602,5.991094314573925e-08,4.758555632507063e-08,0.0011435094897304303,0.0012042219179805643
Dominica,623696.537109375,800.3499965667718,779.2797398448431,39357855.4817996,68338.63046691382,575.9239717403282,4.785294389229676e-07,4.5415096399620156e-07,3.0233408348536104e-05,3.882471980501892e-05
Dominican Republic,1506788.7156829834,1156.1244964147568,1303.3100849914235,3018979646.347276,5562773.681665012,542.7112119081673,1.1560794645951206e-06,6.56031807082766e-07,0.0023190807356397885,0.00316033739707355
East Timor,50569.0,90.111,561.185648810911,30142727.867012024,36141.78713973182,834.0132088785161,3.8798925049429794e-08,5.1132626591131005e-08,2.3154650810778982e-05,2.0532965752541407e-05
Ecuador,12250205.580920458,7056.610710792531,1735.9899933525783,1230023489.8344026,1530064.5521845298,803.9030040126428,9.398936268746453e-06,4.004206372961458e-06,0.0009448635346418158,0.0008692642377566632
Egypt,3614868874.1000757,5030853.87731214,718.5398268874807,14080380104.058352,29306690.66847737,480.4493370929587,0.0027734981215710316,0.002854709999258084,0.010816084265197234,0.016649793035680965
El Salvador,117245194.38363886,133957.36619198511,875.2426067828574,411141195.38439775,677180.4252658391,607.1368575413222,8.995605033314147e-05,7.601282845186682e-05,0.000315825125551109,0.0003847214977642656
Estonia,56480889.490296185,43084.109141479,1310.9448150552453,914941992.4477267,789305.7195613745,1159.173143906989,4.3334805870377674e-05,2.4447666375279147e-05,0.0007028283054112822,0.00044842241047405527
Ethiopia,23550.26452350618,18.10678353067181,1300.6321351118734,1040985933.1131237,1844080.4421978858,564.5013684285997,1.8068875163474888e-08,1.027452143512204e-08,0.0007996511094321418,0.001047663758800544
Falkland Islands,16750.0,11.34,1477.0723104056437,201830.93530273435,118.66652814135041,1700.8244739605266,1.2851391061281596e-08,6.434774728317581e-09,1.550398772920015e-07,6.741713543049269e-08
Finland,8639150696.609812,5966546.84726811,1447.9314279691612,2992713186.136454,2435357.104482391,1228.8601045933767,0.006628364420267224,0.003385660041280756,0.0022989037059794304,0.0013835813881647575
France,43108679125.63054,51738983.78991773,833.195319426259,51544634493.05953,55433892.19215179,929.8397145628736,0.03307501454201701,0.029358792359805607,0.039594890619112894,0.03149324646041759
Gabon,301316507.35690117,270633.97439329146,1113.3728055850859,53481906.854581356,55743.63052155933,959.4263300431566,0.00023118425488137732,0.00015356866481923274,4.108303944407382e-05,3.166921580264701e-05
Gambia,32334.82500076294,20.035,1613.9168954710726,63654004.215958595,71161.00179351162,894.5068592578821,2.4808804834800568e-08,1.1368669460479959e-08,4.889690962380961e-05,4.0428172715798735e-05
Georgia,3316946418.4819775,3203876.2007544716,1035.2916937617251,253825759.6111361,379000.3381795996,669.724361804801,0.0025449179434763754,0.0018180089602533526,0.00019498058890046906,0.0002153186541096173
Germany,87568789495.22942,88128706.37342834,993.6466005091872,82866679359.00713,85265665.52379914,971.8645699877588,0.06718691095917857,0.050007792999211396,0.06365545390821979,0.048441350819178365
Ghana,13564690.868221283,16569.718005794548,818.6434351796219,1076692491.513298,1350666.976361037,797.1561534836069,1.040747146106908e-05,9.402328278574564e-06,0.0008270797116163369,0.0007673444221639454
Gibraltar,4940.387741088868,5.188000076055526,952.2721026721882,452195.5724314456,500.3852867880045,903.6947815434565,3.790498797319084e-09,2.943881109339664e-09,3.4736174589192367e-07,2.8428018561923126e-07
Greece,1129475240.1389413,1690631.7803768772,668.0787935307578,3216718773.799535,4063953.6704880493,791.524469670746,0.0008665867465707746,0.0009593328620158456,0.0024709774209028344,0.0023088238889081465
Greenland,13.36360025405884,0.008000000147148901,1670.4500010317447,255266.69606637952,168.0247950105296,1519.2203986940303,1.025318524486879e-11,4.539523701358967e-12,1.960874688288181e-07,9.545868189058773e-08
Grenada,105153.435546875,124.15299999999999,846.9665295794302,987771.4324951172,805.9788663254592,1225.555003691932,8.067868188956178e-08,7.044943446603285e-08,7.587734826521054e-07,4.5789480181348883e-07
Guatemala,92092239.11574745,90012.48548417815,1023.1051683595035,2304224319.982747,3765351.059181959,611.9547111985227,7.065751513943428e-05,5.107672546972157e-05,0.0017700292340592984,0.002139180999698964
Guinea,3104.033203125,3.5,886.8666294642857,110522917.09300853,137487.48289032545,803.8762130889638,2.3815608692872778e-09,1.9860415828140683e-09,8.490006489021087e-05,7.810974500723382e-05
Guyana,5952.754364013672,5.02699982374907,1184.1564696085838,19691389.144512177,23116.305960558937,851.8397869499411,4.567234282011362e-09,2.852523053361327e-09,1.5126276614112572e-05,1.3132895636243498e-05
Honduras,334049132.25641274,381079.70202324545,876.5860015184858,488944663.7678186,812975.941322774,601.4257481866786,0.00025629827058560814,0.0002162400384527314,0.00037559118754237143,0.00046186999819025816
Hong Kong SAR,550176063.7347902,556806.5121353362,988.092006368391,3030488230.5162888,3714655.544990573,815.8194464633677,0.00042212105955894785,0.0003159545390521268,0.002327921250968581,0.002110379732825393
Hungary,4098780176.397211,5232833.064542022,783.2812791546479,8273210338.098976,9148032.60232678,904.3704474768383,0.0031447777266333924,0.0029693211606013794,0.006355207707410382,0.0051972039844209485
Iceland,1373337227.7525978,925242.546619821,1484.2996928424839,52301791.97647268,51507.46016863943,1015.421684649807,0.0010536891804695512,0.0005250200490787853,4.0176514061242904e-05,2.9262551725905375e-05
India,50812620524.42151,74242086.51628137,684.4180020893978,31245526612.397964,36080361.29465354,865.9981633007646,0.038985842221363844,0.04212796314748984,0.024001784486823007,0.02049806834228228
Indonesia,34951210344.90991,27965225.29109022,1249.809718359231,38517934065.54635,59878521.730703816,643.2679523849295,0.02681621923627153,0.015868600085962522,0.02958820837898979,0.03401834090981454
Iran,13063317252.267376,29321299.205503877,445.5231386819064,7489451633.987148,10946534.846878693,684.1846976006932,0.01002279394426714,0.01663809128121823,0.005753150083638425,0.006218973739482576
Iraq,26600863.354697943,73466.02268173873,362.08389107894436,1075278865.044001,1863542.956796622,577.0078232553197,2.040943865904109e-05,4.168759313425561e-05,0.0008259938103197503,0.0010587208530214013
Ireland,110136658.24863529,123050.43252826689,895.0529956352241,791024352.681937,659280.9628284147,1199.8289003952475,8.450204569169777e-05,6.982379308125568e-05,0.000607638855712774,0.00037455240878713256
Israel,9432350.459014893,11522.571870606027,818.5976676853481,1041271240.0720874,1272033.3521480947,818.5880018897955,7.236944738857275e-06,6.538373393139215e-06,0.0007998702728415664,0.0007226708838377901
Italy,30321366781.145992,27740283.732377026,1093.0445799931188,85028215439.92317,115714020.75218743,734.8134209424732,0.02326398459803345,0.015740959146160406,0.06531587473639855,0.06573974928266815
Jamaica,100040.607421875,82.0704392027555,1218.9603028043277,26218108.885053635,25670.739683635675,1021.3226891068858,7.675587868577108e-08,4.657008713613894e-08,2.0139887764331142e-05,1.4584127141489443e-05
Japan,101495794396.70839,136118681.04876637,745.6419178815444,29543652475.693275,33028302.14139705,894.4950409262431,0.07787236685776316,0.0772392459316158,0.022694460825436046,0.018764124588304124
Jordan,17432558.686023712,29689.94398454872,587.153640138088,1477722660.0420623,3037927.2398924106,486.42463869358386,1.3375082320766089e-05,1.6847275241352618e-05,0.001135137879338894,0.0017259150947422231
Kazakhstan,7208563394.613437,12080254.568172315,596.7228052963173,2154582137.763572,4198858.125805976,513.1352556357206,0.0055307502790577215,0.006854825115248521,0.001655079038073887,0.002385466157598371
Kenya,121448671.0698686,132149.14883567233,919.0272668414248,3245723304.723338,5815868.795397152,558.0805583668081,9.31811561666769e-05,7.498677277746587e-05,0.002493257746307825,0.0033041264488519167
Kosovo,2375090.988548279,1426.19084448067,1665.3388273665012,26652702.484860428,32767.12733024778,813.3975925395498,1.8222819761170042e-06,8.092783777620921e-07,2.047372825456555e-05,1.8615745277894785e-05
Kuwait,273082740.52494156,425668.5720897707,641.5384137576176,1158713837.5539212,2280807.9309966415,508.02780094139695,0.0002095219755565681,0.0002415415670478207,0.0008900858083100321,0.0012957785112899197
Kyrgyzstan,6107295.730822086,8977.472996907329,680.291183602112,117569706.12202543,131332.11721275968,895.2090974941112,4.685805717235237e-06,5.094181337270968e-06,9.031317613959723e-05,7.461274271005398e-05
Laos,149969.44239807135,163.9294266281211,914.8414990694844,97888012.38431954,101146.1534814829,967.7877903902709,1.1506363889551996e-07,9.302018798009036e-08,7.519434721767956e-05,5.746341478375482e-05
Latvia,954010726.0597404,1181048.4608309956,807.7659450049073,1280292192.6334283,1611374.5830164128,794.5341859847294,0.0007319620846119949,0.0006701746727225456,0.000983478296555786,0.0009154583031456922
Lebanon,21443720.017385487,34252.076005900846,626.0560677750226,451793397.1752583,639964.8526743492,705.9659531101728,1.6452634731465854e-05,1.9436013498693454e-05,0.00034705280810557474,0.0003635784902387127
Lesotho,210953.1612787248,261.04365200109754,808.1145036916579,184684681.0271534,126893.25146034393,1455.4334363862538,1.6185322813173127e-07,1.4812672794394988e-07,0.00014186868946137408,7.209092279777065e-05
Liberia,935533.2069339751,656.7074014365347,1424.581487718144,50030915.23632479,55650.27426320236,899.0236957269901,7.177852592909489e-07,3.726423448556369e-07,3.8432101339725776e-05,3.1616178003264875e-05
Libya,1074952749.6645246,2755538.5806007315,390.1062236008234,666137010.8151251,1264647.314002985,526.737378428934,0.0008247545169157459,0.0015636040583204309,0.0005117045127969463,0.0007184747087096991
Liechtenstein,2344096.9470958714,1880.283918826523,1246.6718050531497,42728671.69281197,50672.96387005173,843.2242448337441,1.7985018837424095e-06,1.0669491572245904e-06,3.2822758345578735e-05,2.878845552658691e-05
Lithuania,146178060.31495243,207766.97601051297,703.5673480060462,711450926.6729635,652275.575940461,1090.721395856625,0.00011215471150370518,0.00011789538682640334,0.0005465131705662896,0.0003705724902375175
Luxembourg,2794955807.4593444,3069095.224917624,910.6774481180727,3640285587.2038493,5060465.911756342,719.3577924804973,0.0021444220943677675,0.001741528782372142,0.0027963474969849196,0.0028749650053626875
Macao,61827.51045227051,50.65233968703918,1220.6249668678347,10117673.785399437,8637.954487312205,1171.3043638121394,4.743698598015544e-08,2.8742186538652325e-08,7.77206378108469e-06,4.907417084115695e-06
Macedonia,435451664.75641435,398940.72182941344,1091.5197194199015,737146907.0683905,1408410.9744165074,523.3890678633658,0.000334099082511688,0.00022637510360887862,0.0005662519764209474,0.000800150091952874
Malawi,77051.64832639694,105.24955297673245,732.0852787225688,46462176.53373766,45640.35430788832,1018.0064821650014,5.911766355575347e-08,5.972285393839509e-08,3.5690713803140204e-05,2.592931634273026e-05
Malaysia,15684244226.153141,22324253.863630082,702.5652154809698,16986894723.92083,19522853.46143032,870.1030695886966,0.0120336928985637,0.012667684708133418,0.013048773071474505,0.0110913740918681
Mali,456512.03161621094,1079.962817989546,422.71087857084905,90226713.7626734,126024.29453802633,715.9469854080282,3.502575905958254e-07,6.128145898343713e-07,6.930918993782173e-05,7.15972487396119e-05
Malta,21711930.987883743,21706.312247518203,1000.2588528305255,28968746.480113037,21900.144991540787,1322.7650543547811,1.665841885497624e-05,1.2317039638033555e-05,2.2252836973891676e-05,1.2441967115473827e-05
Mauritania,664479.5563278198,876.6360000000001,757.9879862654736,87013046.07013577,118048.71060510814,737.0944216511467,5.098200973489973e-07,4.974387282833697e-07,6.684055625705836e-05,6.706613933104866e-05
Mauritius,1194587.6220245361,1596.023264288884,748.4775747030169,93552150.76066305,162283.45890299178,576.4737293194233,9.165440410509709e-07,9.056481628618204e-07,7.18636811179635e-05,9.21968991454753e-05
Mexico,13698690666.574312,19324693.27940272,708.869758940759,55197296936.53189,71488192.66756846,772.1176725394103,0.010510282434846254,0.010965612693720391,0.0424007456094573,0.040614057242913545
Moldova,761228.0929570198,875.6783604672025,869.3010211544798,181753140.40561628,283167.1187926808,641.8582114355086,5.840501438462257e-07,4.968953248738031e-07,0.00013961677650483,0.0001608736372093824
Monaco,15883.0302734375,10.14,1566.3737942246055,376273.0,383.6978024193753,980.6493485952778,1.2186210942216099e-08,5.753846185638472e-09,2.890405262245393e-07,2.1798738966456356e-07
Mongolia,766410.0,1655.6816322057412,462.89696345726145,38559545.615727425,47970.85120104144,803.8119952078379,5.88025947658318e-07,9.3950073413202e-07,2.9620173001381925e-05,2.7253324275943718e-05
Montenegro,6635098.30450058,6828.959671117723,971.6118741428425,18950179.8520931,17710.739591175956,1069.9824112108042,5.090760778578115e-06,3.875027964057166e-06,1.4556904047057992e-05,1.006187126474492e-05
Morocco,141942710.79276133,176421.74173123896,804.564728813283,5177370223.557888,9477232.624803187,546.295572613467,0.00010890515132514457,0.00010010883291163559,0.003977085291467718,0.00538422995414155
Mozambique,3137481.473148346,3454.5461162490847,908.2181472091609,338486260.8678748,409720.51357029175,826.1394039520162,2.407223961728673e-06,1.9602492104627213e-06,0.0002600139977118401,0.00023277147974799624
Myanmar,89666956.51402068,108475.7429269396,826.6083651016156,671411043.8808793,845547.6886918248,794.0546143762061,6.879672378726036e-05,6.155352462272888e-05,0.0005157558513002436,0.0004803747436983717
Namibia,1449251.8042969778,1336.8668669946196,1084.0659156696795,206210776.3974788,205329.76411118376,1004.2907188351805,1.111934428853039e-06,7.585923395821939e-07,0.000158404326972964,0.00011665247759255176
Nepal,153784916.45226294,171350.46092644116,897.4876146862604,5796461215.6582985,12019448.124267485,482.2568520392494,0.00011799105078534621,9.723118303836267e-05,0.004452650602126667,0.006828520010531598
Netherlands,31919870169.086807,35935986.505425386,888.2424909712092,23450192436.101875,25548302.043229587,917.8767495555063,0.02449043189064306,0.020391532434062866,0.018013665508281478,0.014514567551988223
Netherlands Antilles,926285.5677428246,1065.4593984737396,869.3766924105412,1083711.015472412,987.0587483390234,1097.9194676061893,7.106900337602558e-07,6.045847629054031e-07,8.324711105699208e-07,5.60770373557735e-07
New Caledonia,4.61396503448486,0.012,384.4970862070716,49466800.01398755,46151.147997096174,1071.8433269980628,3.540051880671317e-12,6.809285426791091e-12,3.7998766604797604e-05,2.6219509776900235e-05
New Zealand,300719159.40482,476889.04232043197,630.5851733174452,739940171.4330535,546976.610964786,1352.782105486939,0.00023072594132126682,0.00027060613383907313,0.0005683976701110247,0.0003107497694278228
Nicaragua,1024742.3878555298,893.1430164787961,1147.3441195292132,229277531.39259064,236955.51365746686,967.5973681879578,7.862307560240545e-07,5.068054771791084e-07,0.0001761234484674099,0.00013461978036653134
Niger,2590911.9865722656,5604.767116285324,462.2693383716265,9910132.757508755,13522.630182270419,732.8554152506496,1.987870038495651e-06,3.180371587123299e-06,7.612637598725859e-06,7.682511696041757e-06
Nigeria,17495273.475513697,34065.07159875478,513.583933760269,3276612651.952045,4475046.57869715,732.1963233969259,1.3423200069127984e-05,1.9329899633333003e-05,0.002516985925522698,0.0025423750570541925
Norway,11037633242.63706,8911731.760316972,1238.5508832061698,1236075724.2467842,1084666.5275446326,1139.5905495902946,0.008468593504007792,0.005056877100249806,0.0009495126617898946,0.0006162235579800166
Oman,10167875998.457193,19004604.176157147,535.0217191691705,3588709308.314799,7249331.028953444,495.0400656255983,0.007801274669778654,0.010783981188219997,0.0027567282981829995,0.004118508727054645
"Other Africa, nes.",15356.17006874085,34.02,451.3865393515829,2641.0,6.055,436.168455821635,1.178197891086186e-08,1.9304324184952744e-08,2.028729219898872e-09,3.4399822883955136e-09
"Other Europe, nes.",105955664.0405276,129772.37899939693,816.4731575200605,202737940.26359642,101111.2868386651,2005.0970233134165,8.129418947716968e-05,7.363809742671698e-05,0.0001557366086311511,5.744360625629832e-05
Pakistan,624750864.9698625,1247732.9099762323,500.70881354068246,6652085766.080472,12196715.021250295,545.3997862941428,0.0004793383690508439,0.0007080141267024,0.005109913202166159,0.006929229339340797
Panama,20541831.437444687,32459.025129532733,632.8542325430092,79306362.40180016,84034.52890628879,943.7354315419409,1.576066321895701e-05,1.8418563898531086e-05,6.0920535679069014e-05,4.774191429418567e-05
Papua New Guinea,370972.2303466797,305.08013180751635,1215.9829227448233,93353457.65202236,91122.0848857646,1024.4877273062302,2.846274152275234e-07,1.7311480796003552e-07,7.171105161577043e-05,5.176851496097486e-05
Paraguay,64380956.31347656,55974.14743351891,1150.1909232283083,351599044.0047188,442780.82611850864,794.0701657903646,4.939611023783723e-05,3.176199553300969e-05,0.00027008680585417734,0.0002515537901715613
Peru,44796968.1004606,72960.60747385156,613.9884199362709,4926917561.158879,7233025.03354729,681.1697095347357,3.437034957724036e-05,4.140080010012688e-05,0.003784695804754224,0.004109244922695961
Philippines,50419687.037126064,66100.31666880607,762.7752721632576,14895305108.769869,25312547.318950456,588.4553980712313,3.86843650926291e-05,3.750799358326479e-05,0.011442082814642323,0.014380629967194535
Poland,10357148098.527124,12067763.863967784,858.2491516470374,27794851494.901863,31184991.572021104,891.2893701032505,0.00794649316380783,0.006847737384405998,0.021351089507935347,0.017716898211645907
Portugal,2040019257.0654154,3133345.7204661835,651.0674017681964,5967694467.133842,6965013.859967815,856.8101352150675,0.001565199119110018,0.0017779871126223845,0.004584186346423042,0.003956981720349885
Qatar,2451270386.584868,4730777.847719844,518.153772062313,1271883249.420593,2290530.4418029124,555.2789110366391,0.0018807304080561823,0.002684434721322072,0.0009770188233243023,0.001301302089320028
Romania,4620671801.154169,4802281.10006637,962.182701277172,7056037574.0811,7844232.392036165,899.5191908445653,0.003545197628804097,0.0027250085591696855,0.005420215677108171,0.004456485630827875
Russia,119023292747.44727,252013052.72258234,472.29019077225695,7505180857.672239,8804172.188609716,852.4573005718778,0.09132029137306545,0.1430024006054179,0.005765232755238678,0.005001849115243895
Réunion,2721175.6083984375,2408.3129021823047,1129.9094922145002,14957096.656269073,18697.230460169954,799.9632185168624,2.0878144411909965e-06,1.3665741623319105e-06,1.1489549046355465e-05,1.0622319013217794e-05
Saint Barthelemy,91.3912963867188,0.0500000007450581,1827.8259004976462,536132.1680145265,640.0020058318041,837.7038870647302,7.011971877392329e-11,2.8372023034405653e-11,4.1183907420628597e-07,3.635995977867892e-07
Saudi Arabia,1385361325.2581284,2326797.1130067883,595.3941224673019,12915979563.323988,21294094.2910206,606.5521917394,0.0010629146359443305,0.0013203188060580589,0.0099216301187929,0.012097656021227891
Senegal,166835135.4562569,225949.2698906787,738.374306484712,327284815.8019667,484650.96316114446,675.300042049325,0.00012800379513493995,0.00012821275588839045,0.00025140941652656944,0.0002753411609129915
Serbia,3032240787.790918,4019323.798045536,754.4156530174046,1021104874.17269,1020102.6835806106,1000.9824408936577,0.0023264783376638607,0.002280726913632174,0.0007843791347274886,0.0005795433796634241
Seychelles,354213.61062622076,377.8079702505027,937.549333306447,9292720.530496895,7998.754330174825,1161.770964191344,2.717694107096175e-07,2.1438352549602251e-07,7.138361860118591e-06,4.5442730346867574e-06
Sierra Leone,3141475.647374153,4495.717732816553,698.7706600089479,106909477.57906461,108390.76223535198,986.3338477768888,2.4102884808297316e-06,2.551052103419503e-06,8.212433966254134e-05,6.15792406796532e-05
Singapore,1246379340.499079,1047207.236483785,1190.1935902238945,3767867920.344005,3906791.350103083,964.4405300130983,0.0009562810934600546,0.0005942277478516008,0.0028943520434386513,0.0022195364242463093
Slovakia,17258337149.640293,19835488.0514912,870.0737337462608,6649030435.855891,6467076.028096452,1028.1354984801371,0.01324141132999829,0.011255458310192321,0.005107566198113509,0.0036740919891592077
Slovenia,3539919512.778529,2800609.7460452802,1263.9817160449516,5102003396.235862,5346426.415941963,954.2829170944387,0.0027159934318912414,0.0015891792608229355,0.003919190976890184,0.0030374256279191176
Solomon Islands,56857.86669921875,53.74690019989014,1057.8817845821548,6250699.52179718,5479.085184402865,1140.8290456207626,4.3624040588768976e-08,3.049816535552559e-08,4.801581508776163e-06,3.112792071173596e-06
Somalia,109825.24609375,124.373,883.0312535176445,261167636.34203303,304451.68328376266,857.8295036017687,8.426311557924001e-08,7.057427136552403e-08,0.00020062037680386403,0.00017296587913597755
South Africa,14244421509.94068,17795608.755477134,800.4458687346972,3491987766.0907483,3966841.6543924217,880.2942164893637,0.010928992911401729,0.0100979482799622,0.002682429994925289,0.0022536523587084207
South Korea,90689708759.31683,109797708.81093016,825.9708671652066,45189048533.220924,62036767.390945196,728.4236499372573,0.06958142761192332,0.062303661541776544,0.03471273880301914,0.035244489026286345
Spain,15333720973.340792,13409999.709344365,1143.454236069516,30411831383.82331,41310141.89855985,736.1831740617556,0.011764754904655401,0.0076093762995092795,0.023361367269594813,0.023469224849240515
Sri Lanka,3846844.0407001977,5550.949729037496,693.0064634844422,2471156421.914861,4986915.327580126,495.5280488217105,2.9514804250029194e-06,3.1498334245654144e-06,0.0018982609769327618,0.0028331792569122618
Sudan,73398.51171875,111.327,659.305574737036,1137023532.108971,2047998.9339877767,555.1875605203597,5.63148046217144e-08,6.317144322569764e-08,0.0008734240300272976,0.0011635144607053418
Swaziland,12839001.913629293,21120.119297905276,607.903853786597,112707233.14594434,84642.57381501283,1331.5667053351556,9.850688622602556e-06,1.198441004560964e-05,8.657798454264746e-05,4.808735834316334e-05
Sweden,22746705476.70476,15336006.323103447,1483.2222286213598,8710318987.062227,7368504.891323383,1182.1012695966135,0.01745234671265246,0.008702270363423694,0.006690980175574814,0.004186214090521577
Switzerland,1591386468.2094045,1765560.3500071582,901.3492335183855,8121823952.446531,6908455.821618834,1175.6352160537335,0.0012209868556770644,0.0010018503634519934,0.006238917671792058,0.003924849821062207
Taiwan,30519048208.533085,37260265.82222641,819.0775759395664,52669875859.60428,75539050.02115303,697.2536171007612,0.02341565512513219,0.021142982088470708,0.04045926397759387,0.042915440818330174
Tanzania,14255969.060971186,11903.451651233236,1197.6332141857545,1443849696.1503572,2283247.838829948,632.3666102275866,1.093785273791475e-05,6.754499988104569e-06,0.0011091177840675266,0.001297164678049935
Thailand,2614944157.768719,3294560.0310201407,793.7157414487959,51673205992.135864,76941728.41439225,671.588838163794,0.0020063086552178774,0.0018694666339094874,0.03969365501026108,0.043712334101411586
Togo,201143.79819107056,236.2929950735844,851.2474021010738,323170098.15264,435881.75120370445,741.4169032316521,1.543270214988032e-07,1.340822039839481e-07,0.00024824862594466005,0.0002476342698555843
Tokelau,417527.4587402344,690.7314958947177,604.4714353142433,153468.16625976562,249.68100130558025,614.6569641153377,3.2034678513993245e-07,3.9194899240179263e-07,1.1788919091839633e-07,1.418494173806859e-07
Tunisia,253089428.46442512,283098.5532238515,893.9976046585531,2579968596.3469825,4986708.766112217,517.369013783093,0.0001941821623088108,0.0001606415710677345,0.0019818469056533893,0.002833061904675916
Turkey,12950903922.825787,17980720.185034145,720.2661400406635,62333646862.544495,103159083.94323267,604.2477742129431,0.00993654512891463,0.01020298799326345,0.04788265459026946,0.05860700605315052
Turkmenistan,323111.8984375,283.4400009155273,1139.9657683948285,183603620.85345292,285802.9071659578,642.4134123549675,2.4790670826109936e-07,1.608353223003128e-07,0.00014103825464014912,0.00016237108812928853
Uganda,19000962.893735886,31974.751304260255,594.2489657833315,168173021.08806914,254214.23259137315,661.5405415100907,1.4578436100794069e-05,1.8143767340114066e-05,0.0001291849760999754,0.00014442484848429087
Ukraine,56285873423.93822,114474448.75268944,491.6894035064384,2669614115.0918794,2993415.9970440585,891.8286391627735,0.04318518033413892,0.06495743296930265,0.0020507096407199415,0.001700627252127392
United Arab Emirates,6769811330.43974,12409016.064740255,545.5558518999666,12870709880.501211,19164415.77656574,671.5941686174186,0.005194118974243352,0.007041377687537697,0.009886855439384296,0.010887737545637276
United Kingdom,15378614773.743725,19071449.41843603,806.3684325365166,14216521519.3457,15103076.82513566,941.2996890597491,0.01179919954854825,0.010821911882728324,0.010920663616667067,0.008580399137695031
United States,36843845491.0,36596235.65541105,1006.7659919430084,120595761242.0,180354448.0683238,668.659756017299,0.028268338304852397,0.020766184510316914,0.09263769202105009,0.10246343633168989
Uruguay,18209782.0625,37603.864143017534,484.2529478684248,293106323.6654811,393286.3777968763,745.2745383845051,1.3971404801546176e-05,2.133795367500678e-05,0.00022515462451999155,0.00022343487595185484
Uzbekistan,61329727.77413155,89780.30979644654,683.1088900581957,3204940671.9324636,6380669.9586909255,502.2890531372974,4.705506360043629e-05,5.094497959247774e-05,0.002461929870954833,0.0036250027491319765
Vanuatu,46651.453125,36.8899993896484,1264.6097559462344,2860747.7616815567,2800.112403200096,1021.65461586905,3.579319807083119e-08,2.093287793652209e-08,2.1975322131327788e-06,1.5908071135466437e-06
Venezuela,1952669059.5267487,5266864.881756889,370.7459946979671,674694736.9461055,678296.1235419945,994.6905393221431,0.0014981799222234745,0.0029886321903520806,0.0005182782761660534,0.0003853553511596691
Vietnam,14475252560.560497,21741872.75209554,665.7776322035246,32798944594.642277,47520626.184310265,690.204385511052,0.011106097395019743,0.012337218106832538,0.0251950690196876,0.026997541272913525
Yemen,10370490.733909607,13155.95725,788.2733682423304,445382886.79013824,591896.5167968494,752.4674907708613,7.956730263813107e-06,7.465222331492633e-06,0.0003421284651548901,0.00033626978271579847
Zambia,550560113.6882184,453574.8799785098,1213.8240850425925,289087065.5790694,364112.57767050894,793.9496828935931,0.0004224157208209522,0.00025737673501634875,0.00022206716283039736,0.0002068605810352744
Zimbabwe,2844830.5784582496,4777.562241652352,595.4565183172466,217428645.63997662,222904.5092268972,975.4340385220892,2.18268837414083e-06,2.7109820789725615e-06,0.00016702152466976827,0.0001266370873235377
