Export_country,Import_country,Nominal Value (SUM),Tons (SUM),Nominal Value (SUM)_export,Tons (SUM)_export,Nominal Value (SUM)_import,Tons (SUM)_import,Nominal Value (SUM)_product,Tons (SUM)_product,Average Cost
Austria,Belgium,340774952.50131583,394924.387851126,20371381847.321857,19974645.43039817,32479866310.468662,47476506.68932843,6.61659758960522e+20,948326387393262.2,73.23594456976075
Austria,Brazil,67493097.95456876,55781.338340893424,20371381847.321857,19974645.43039817,8298699654.963992,9379886.163980313,1.6905597950750962e+20,187359900303004.4,156.13002148801263
Austria,Canada,2699922.426560402,1308.9092640169706,20371381847.321857,19974645.43039817,21831402497.170246,21647464.564676967,4.44735836532431e+20,432400429146531.1,126.93985577943783
Austria,China (mainland),66058764.44509399,39008.215115748186,20371381847.321857,19974645.43039817,77759127639.26492,106341819.28649531,1.5840608812541047e+21,2124140134671221.2,123.08658977373334
Austria,France,941616155.1898792,709415.6386187033,20371381847.321857,19974645.43039817,51544634493.05953,55433892.192151785,1.0500354314387532e+21,1107272341365149.6,66.40963003269489
Austria,Germany,7227516735.588562,6860570.160304134,20371381847.321857,19974645.43039817,82866679359.00713,85265665.52379914,1.6881087676419185e+21,1703151436224813.2,28.544485798897256
Austria,India,13227139.692398554,7882.553347865094,20371381847.321857,19974645.43039817,31245526612.397964,36080361.29465354,6.365145536418159e+20,720692423861366.4,143.52369464499404
Austria,Indonesia,386.8618087768552,0.3000000044703479,20371381847.321857,19974645.43039817,38517934065.54635,59878521.730703816,7.84663542819211e+20,1196052240467200.5,205.26396442430317
Austria,Iran,2092069.322265625,1315.9964182164629,20371381847.321857,19974645.43039817,7489451633.987148,10946534.846878693,1.525704790630008e+20,218653152257899.8,195.49023771304425
Austria,Italy,4506961993.086527,5101500.914131307,20371381847.321857,19974645.43039817,85028215439.92317,115714020.75218745,1.732142244523023e+21,2311346535850679.5,55.42526585066824
Austria,Malaysia,32096.77024841311,17.219790449749198,20371381847.321857,19974645.43039817,16986894723.92083,19522853.46143032,3.4604651882124824e+20,389962075681692.2,116.51165489042263
Austria,Mexico,106882291.44406465,97577.82813963252,20371381847.321857,19974645.43039817,55197296936.53189,71488192.66756846,1.1244452128341002e+21,1427951300994670.2,161.39771439925178
Austria,Russia,10608979.444055555,7339.176403129939,20371381847.321857,19974645.43039817,7505180857.672238,8804172.188609717,1.528909050848517e+20,175860217775651.75,124.61274013117871
Austria,South Africa,22280961.616923336,16972.87884212882,20371381847.321857,19974645.43039817,3491987766.0907483,3966841.6543924217,7.113661618921108e+19,79236255525022.7,147.11070923368035
Austria,South Korea,3570.56875610352,1.68848407500231,20371381847.321857,19974645.43039817,45189048533.220924,62036767.3909452,9.205633629874032e+20,1239162432282217.8,121.97422601234575
Austria,Spain,239731134.2010812,235425.28580524327,20371381847.321857,19974645.43039817,30411831383.82331,41310141.89855985,6.195310297962313e+20,825155437103168.5,79.6238393469864
Austria,Sweden,277605950.8394268,152795.05593479596,20371381847.321857,19974645.43039817,8710318987.062227,7368504.891323383,1.7744123409742237e+20,147183272556339.2,80.3616522951149
Austria,Ukraine,3408259.313178539,3545.3982512304983,20371381847.321857,19974645.43039817,2669614115.0918794,2993415.9970440585,5.438372852353692e+19,59792423166636.88,99.76237723750538
Austria,United Kingdom,211393863.2798589,183244.27860124828,20371381847.321857,19974645.43039817,14216521519.3457,15103076.82513566,2.8961018841125952e+20,301678604490148.5,80.10878346253536
Austria,United States,139228439.0,69573.24417237255,20371381847.321857,19974645.43039817,120595761242.0,180354448.0683238,2.4567023014292394e+21,3602516151959928.0,102.85739546661411
Belgium,Austria,241437351.77418783,179686.05317506925,56017531908.54749,56142681.19026796,15364702118.217093,15875548.654514426,8.606926911725533e+20,891295866830990.9,73.23594456976075
Belgium,Brazil,38734893.0,20887.313600929803,56017531908.54749,56142681.19026796,8298699654.963992,9379886.163980313,4.648726727213975e+20,526611958505352.2,103.47496696537392
Belgium,Canada,68996893.67982031,66499.80254667635,56017531908.54749,56142681.19026796,21831402497.170246,21647464.564676967,1.2229412859935777e+21,1215346701632281.8,108.90354418661897
Belgium,China (mainland),430689154.9016047,302285.8197620884,56017531908.54749,56142681.19026796,77759127639.26492,106341819.28649531,4.35587441371334e+21,5970314857394795.0,97.83521108359545
Belgium,France,21246976160.92418,19663592.8849659,56017531908.54749,56142681.19026796,51544634493.05953,55433892.192151785,2.88740320742938e+21,3112207336479662.0,32.21906871710461
Belgium,Germany,13506356070.39789,14244545.05537852,56017531908.54749,56142681.19026796,82866679359.00713,85265665.52379914,4.641986855148556e+21,4787043075978677.0,37.06800781105398
Belgium,India,417097268.8204755,499544.8887406943,56017531908.54749,56142681.19026796,31245526612.397964,36080361.29465354,1.750297284009373e+21,2025648221395417.2,101.6814847749797
Belgium,Indonesia,2439748.9452590947,2740.692914842881,56017531908.54749,56142681.19026796,38517934065.54635,59878521.730703816,2.157679600568071e+21,3361740755671436.5,139.8111445106206
Belgium,Iran,15088395.83499908,12407.337329841272,56017531908.54749,56142681.19026796,7489451633.987148,10946534.846878693,4.195405958843982e+20,614567816046469.1,177.76760855132903
Belgium,Italy,3326475638.471792,2948694.772245192,56017531908.54749,56142681.19026796,85028215439.92317,115714020.75218745,4.763070771532747e+21,6496495376334109.0,55.398770172052735
Belgium,Japan,153143.607421875,111.335,56017531908.54749,56142681.19026796,29543652475.693275,33028302.14139705,1.6549624952521865e+21,1854297437380299.2,108.6937215396463
Belgium,Malaysia,6754331.807807922,4906.76970108839,56017531908.54749,56142681.19026796,16986894723.92083,19522853.46143032,9.51563917224372e+20,1096065337809401.6,96.12531273514138
Belgium,Mexico,428691002.6433166,395567.71616928815,56017531908.54749,56142681.19026796,55197296936.53189,71488192.66756846,3.092016342407746e+21,4013538809803748.0,137.82320069248306
Belgium,Russia,165993750.44946814,115611.5940233906,56017531908.54749,56142681.19026796,7505180857.672238,8804172.188609717,4.204217081740745e+20,494289832329339.1,87.04422636083176
Belgium,South Africa,90666501.06731524,74561.85399805136,56017531908.54749,56142681.19026796,3491987766.0907483,3966841.6543924217,1.95612536111246e+20,222709126334828.84,93.7845964104315
Belgium,South Korea,52646530.0,27083.902845374985,56017531908.54749,56142681.19026796,45189048533.220924,62036767.3909452,2.5313789681266044e+21,3482910453704647.5,111.82688505088213
Belgium,Spain,948723036.0313828,994899.1900013448,56017531908.54749,56142681.19026796,30411831383.82331,41310141.89855985,1.7035957349406883e+21,2319262126535576.5,58.81824699528199
Belgium,Sweden,457512509.10210943,508195.7088835712,56017531908.54749,56142681.19026796,8710318987.062227,7368504.891323383,4.8793057179138536e+20,413687620962498.8,56.29784763113799
Belgium,Ukraine,3584325.50698948,2656.049575521692,56017531908.54749,56142681.19026796,2669614115.0918794,2993415.9970440585,1.4954519387566814e+20,168058399991892.66,113.0729772113711
Belgium,United Kingdom,1544053159.6237936,1625588.5208575856,56017531908.54749,56142681.19026796,14216521519.3457,15103076.82513566,7.963744478384998e+20,847927227185715.8,48.39470378764777
Belgium,United States,957025793.0,726549.7493903363,56017531908.54749,56142681.19026796,120595761242.0,180354448.0683238,6.75547690340931e+21,1.0125582279146642e+16,74.01011263678184
Brazil,Austria,75895400.8504219,88189.29654035108,56862580489.19227,110558267.52708869,15364702118.217093,15875548.654514426,8.736766108895824e+20,1755173155285118.8,156.13002148801263
Brazil,Belgium,868604393.0,1400374.0761736403,56862580489.19227,110558267.52708869,32479866310.468662,47476506.68932843,1.846889012357229e+21,5248920327810388.0,103.47496696537392
Brazil,Canada,2099111611.0,3685614.483490407,56862580489.19227,110558267.52708869,21831402497.170246,21647464.564676967,1.2413898816872962e+21,2393306178624728.5,119.22568385983084
Brazil,China (mainland),1831422360.0,5271627.881492642,56862580489.19227,110558267.52708869,77759127639.26492,106341819.28649531,4.421584654157077e+21,1.1756967305993668e+16,100.82728453190875
Brazil,France,432073437.8287332,749333.3834004818,56862580489.19227,110558267.52708869,51544634493.05953,55433892.192151785,2.930960927647594e+21,6128675083047710.0,107.5871836214716
Brazil,Germany,2745772058.8763437,5446601.376936596,56862580489.19227,110558267.52708869,82866679359.00713,85265665.52379914,4.71201322492363e+21,9426824259855448.0,101.47388827310829
Brazil,India,174906882.0,383112.27291692887,56862580489.19227,110558267.52708869,31245526612.397964,36080361.29465354,1.7767012719246783e+21,3988982236488322.5,123.33617021269178
Brazil,Indonesia,707969321.0,1998211.31130946,56862580489.19227,110558267.52708869,38517934065.54635,59878521.730703816,2.19022912607953e+21,6620065624629746.0,140.8424252930137
Brazil,Iran,70000.0,250.0,56862580489.19227,110558267.52708869,7489451633.987148,10946534.846878693,4.258695463575068e+20,1210229928095813.2,199.37522161835724
Brazil,Italy,1256924026.4085696,2200162.3473093365,56862580489.19227,110558267.52708869,85028215439.92317,115714020.75218745,4.834923744305012e+21,1.279314166295543e+16,106.91407459291645
Brazil,Japan,1046933036.0,621053.3120333183,56862580489.19227,110558267.52708869,29543652475.693275,33028302.14139705,1.6799283168438334e+21,3651551864114092.0,134.3431610077741
Brazil,Malaysia,29652420.0,46910.269,56862580489.19227,110558267.52708869,16986894723.92083,19522853.46143032,9.659186685003836e+20,2158412855880962.5,113.25791367269494
Brazil,Mexico,3499036547.0,6339305.57072614,56862580489.19227,110558267.52708869,55197296936.53189,71488192.66756846,3.1386607398393904e+21,7903610729969094.0,100.51281965450217
Brazil,Russia,28502277.0,17563.49843463772,56862580489.19227,110558267.52708869,7505180857.672238,8804172.188609717,4.267639506053327e+20,973374024182867.0,123.33986092678653
Brazil,South Africa,43363492.0,71081.59480673302,56862580489.19227,110558267.52708869,3491987766.0907483,3966841.6543924217,1.9856343541660988e+20,438567140863916.5,132.4749915639502
Brazil,South Korea,1072548779.0,2212161.8598820646,56862580489.19227,110558267.52708869,45189048533.220924,62036767.3909452,2.5695659094502906e+21,6858677525723891.0,114.37601388806537
Brazil,Spain,693116724.4125799,1332898.8327602672,56862580489.19227,110558267.52708869,30411831383.82331,41310141.89855985,1.7292952098863964e+21,4567177719602976.0,114.84910359658689
Brazil,Sweden,30393047.000992645,37827.576414827,56862580489.19227,110558267.52708869,8710318987.062227,7368504.891323383,4.952912144883656e+20,814649135049592.1,142.76701304902386
Brazil,Ukraine,475.0,0.315865217829242,56862580489.19227,110558267.52708869,2669614115.0918794,2993415.9970440585,1.5180114749449578e+20,330946886621063.94,179.1691597425168
Brazil,United Kingdom,128767788.93762209,190321.47675374616,56862580489.19227,110558267.52708869,14216521519.3457,15103076.82513566,8.083880991701288e+20,1669770008115521.5,113.30894189054389
Brazil,United States,27262094498.0,52635052.50179645,56862580489.19227,110558267.52708869,120595761242.0,180354448.0683238,6.857386180278638e+21,1.9939675319238164e+16,87.11424624192192
Canada,Austria,4871649.407892345,7255.884664534198,20347047543.564545,25653414.203509472,15364702118.217093,15875548.654514426,3.1262632449207e+20,407262025342226.06,126.93985577943783
Canada,Belgium,206312519.61042783,328771.1415713478,20347047543.564545,25653414.203509472,32479866310.468662,47476506.68932843,6.608693840277262e+20,1217934491037030.5,108.90354418661897
Canada,Brazil,42109804.0,27059.77563646308,20347047543.564545,25653414.203509472,8298699654.963992,9379886.163980313,1.68854036429315e+20,240626104946354.53,119.22568385983084
Canada,China (mainland),324314787.0,309205.6574763871,20347047543.564545,25653414.203509472,77759127639.26492,106341819.28649531,1.5821686670222271e+21,2728030737311216.5,90.68656211301666
Canada,France,25405274.85982562,42990.879087815614,20347047543.564545,25653414.203509472,51544634493.05953,55433892.192151785,1.0487811286459392e+21,1422068597317959.5,101.04739977167478
Canada,Germany,426279188.963379,699789.6350417944,20347047543.564545,25653414.203509472,82866679359.00713,85265665.52379914,1.6860922646950366e+21,2187355435019916.8,100.01658328381515
Canada,India,71661834.93873218,72908.22599152048,20347047543.564545,25653414.203509472,31245526612.397964,36080361.29465354,6.357542155061726e+20,925584452904018.6,127.80658895465564
Canada,Indonesia,5210322.0,11342.139,20347047543.564545,25653414.203509472,38517934065.54635,59878521.730703816,7.837262357115559e+20,1536088519851587.8,143.06851366391078
Canada,Italy,26749103.41748048,19356.03494159093,20347047543.564545,25653414.203509472,85028215439.92317,115714020.75218745,1.7300731421005657e+21,2968459703509355.0,111.5273495432513
Canada,Japan,12605328.20288086,14771.193116998802,20347047543.564545,25653414.203509472,29543652475.693275,33028302.14139705,6.011261015334794e+20,847288715271917.5,104.65038413158088
Canada,Malaysia,521756.7531738281,736.3857943711475,20347047543.564545,25653414.203509472,16986894723.92083,19522853.46143032,3.456331545651429e+20,500827846280490.6,111.7633626864957
Canada,Mexico,601404725.7464172,818000.3359861223,20347047543.564545,25653414.203509472,55197296936.53189,71488192.66756846,1.123102025043864e+21,1833916217161422.5,77.23163824138724
Canada,Russia,2019647.656463623,1201.8891600494385,20347047543.564545,25653414.203509472,7505180857.672238,8804172.188609717,1.5270827173410757e+20,225857075873423.6,157.57755109576055
Canada,South Africa,1233893.8465948105,1026.0420729767225,20347047543.564545,25653414.203509472,3491987766.0907483,3966841.6543924217,7.10516410981942e+19,101763032039863.56,152.01288005876137
Canada,South Korea,240105470.0,150636.7413559685,20347047543.564545,25653414.203509472,45189048533.220924,62036767.3909452,9.194637189538918e+20,1591454889726686.8,107.09599311080274
Canada,Spain,119068031.07813266,101629.10140298631,20347047543.564545,25653414.203509472,30411831383.82331,41310141.89855985,6.187909790535212e+20,1059746180929507.2,126.66310667637013
Canada,Sweden,2602198.31034112,5954.941476938143,20347047543.564545,25653414.203509472,8710318987.062227,7368504.891323383,1.772292745493681e+20,189027308037704.28,124.404329323192
Canada,Ukraine,466854.4011230466,519.6519999999999,20347047543.564545,25653414.203509472,2669614115.0918794,2993415.9970440585,5.431876532274546e+19,76791340455582.52,174.29230004604213
Canada,United Kingdom,37932614.29882813,39809.69975748998,20347047543.564545,25653414.203509472,14216521519.3457,15103076.82513566,2.892642392582354e+20,387445485542629.9,71.32163865653314
Canada,United States,17476482403.0,21897925.3865432,20347047543.564545,25653414.203509472,120595761242.0,180354448.0683238,2.4537676875433325e+21,4626707359742049.0,29.786348476751243
China (mainland),Austria,75376283.05178308,44549.52740899107,157745227260.328,202306003.3652501,15364702118.217093,15875548.654514426,2.4237084274253984e+21,3211718799525388.0,123.08658977373334
China (mainland),Belgium,1988554868.8351784,2218343.747730607,157745227260.328,202306003.3652501,32479866310.468662,47476506.68932843,5.123543892529951e+21,9604782322061598.0,97.83521108359545
China (mainland),Brazil,2972876929.0,3648739.434327551,157745227260.328,202306003.3652501,8298699654.963992,9379886.163980313,1.3090802630375005e+21,1897607281855864.0,100.82728453190875
China (mainland),Canada,482031673.0,598572.8632225809,157745227260.328,202306003.3652501,21831402497.170246,21647464.564676967,3.443799548327813e+21,4379412039070672.0,90.68656211301666
China (mainland),France,374892178.3487237,274226.4154690568,157745227260.328,202306003.3652501,51544634493.05953,55433892.192151785,8.130920082158217e+21,1.1214609180374372e+16,86.69812632910659
China (mainland),Germany,1135903600.470093,903860.2674154128,157745227260.328,202306003.3652501,82866679359.00713,85265665.52379914,1.307182316779531e+22,1.7249756016398e+16,68.33669623583044
China (mainland),India,6294263058.3006525,7647647.152331671,157745227260.328,202306003.3652501,31245526612.397964,36080361.29465354,4.928832696341344e+21,7299273693495619.0,96.67571060131337
China (mainland),Indonesia,7767596898.550186,12504907.962720118,157745227260.328,202306003.3652501,38517934065.54635,59878521.730703816,6.076020262767938e+21,1.211378441875797e+16,93.41735420918627
China (mainland),Iran,1798533417.0,2727808.271391576,157745227260.328,202306003.3652501,7489451633.987148,10946534.846878693,1.1814252500585375e+21,2214549715570468.8,94.98646827176017
China (mainland),Italy,6403233400.65735,5456854.931404223,157745227260.328,202306003.3652501,85028215439.92317,115714020.75218745,1.341279516811081e+22,2.3409641071698656e+16,95.57016973935407
China (mainland),Japan,6092657134.678224,4330456.716278844,157745227260.328,202306003.3652501,29543652475.693275,33028302.14139705,4.660370173878388e+21,6681823804165970.0,67.88025608365977
China (mainland),Malaysia,3343824740.737521,3593380.222458571,157745227260.328,202306003.3652501,16986894723.92083,19522853.46143032,2.679601568672158e+21,3949590458067408.0,49.68652583719443
China (mainland),Mexico,3248858019.0,3171124.126422359,157745227260.328,202306003.3652501,55197296936.53189,71488192.66756846,8.70711014940903e+21,1.4462490546380756e+16,107.78178205624863
China (mainland),Russia,696420600.6090342,666057.7480543676,157745227260.328,202306003.3652501,7505180857.672238,8804172.188609717,1.1839064600233703e+21,1781136888417119.2,89.75623932586818
China (mainland),South Africa,1501587788.367897,2013218.321689426,157745227260.328,202306003.3652501,3491987766.0907483,3966841.6543924217,5.508444037522702e+20,802515881082927.8,107.74942395942503
China (mainland),South Korea,18841101227.0,23948448.269690048,157745227260.328,202306003.3652501,45189048533.220924,62036767.3909452,7.128356730550926e+21,1.25504104725618e+16,56.037957546026284
China (mainland),Spain,1212777505.4304838,1426443.9698808778,157745227260.328,202306003.3652501,30411831383.82331,41310141.89855985,4.797321253043984e+21,8357289705949011.0,102.36844087149414
China (mainland),Sweden,141341193.1307303,110328.3518158696,157745227260.328,202306003.3652501,8710318987.062227,7368504.891323383,1.374011248124081e+21,1490692775340930.5,102.41763064915177
China (mainland),Ukraine,234472785.67239663,188240.31210139804,157745227260.328,202306003.3652501,2669614115.0918794,2993415.9970440585,4.21118885282548e+20,605586026771588.9,112.2609428755019
China (mainland),United Kingdom,538121806.1374359,470285.8435492106,157745227260.328,202306003.3652501,14216521519.3457,15103076.82513566,2.242588417920531e+21,3055443111011526.0,82.39578828913855
China (mainland),United States,2859615190.0,3142092.013115461,157745227260.328,202306003.3652501,120595761242.0,180354448.0683238,1.902340576375154e+22,3.648678757784814e+16,71.75468629544517
France,Austria,364589324.0192087,251759.7438370376,43108679125.63054,51738983.78991773,15364702118.217093,15875548.654514426,6.623520134751165e+20,821384754491972.1,66.40963003269489
France,Belgium,3768162836.320196,5043199.304891307,43108679125.63054,51738983.78991773,32479866310.468662,47476506.68932843,1.400164134821371e+21,2456386210001084.5,32.21906871710461
France,Brazil,39462893.00243378,22200.704697948426,43108679125.63054,51738983.78991773,8298699654.963992,9379886.163980313,3.5774598058582363e+20,485305778189451.0,107.5871836214716
France,Canada,54399747.80322839,50085.193176388326,43108679125.63054,51738983.78991773,21831402497.170246,21647464.564676967,9.411229251130014e+20,1120017818204640.0,101.04739977167478
France,China (mainland),93248869.15996288,49439.26060825671,43108679125.63054,51738983.78991773,77759127639.26492,106341819.28649531,3.3520932824900205e+21,5502017664254342.0,86.69812632910659
France,Germany,10700819707.79541,10489979.85918257,43108679125.63054,51738983.78991773,82866679359.00713,85265665.52379914,3.5722730906939493e+21,4411558886372391.0,32.98409239611592
France,India,264804193.8289537,166155.2751677679,43108679125.63054,51738983.78991773,31245526612.397964,36080361.29465354,1.3469533808452137e+21,1866761228158454.8,101.296243562451
France,Indonesia,4484586.635799409,2257.266472059583,43108679125.63054,51738983.78991773,38517934065.54635,59878521.730703816,1.6604572602138312e+21,3098053865189121.0,134.31566026572094
France,Iran,4904518.285644531,2561.946461193712,43108679125.63054,51738983.78991773,7489451633.987148,10946534.846878693,3.228603673164813e+20,566362588998426.2,188.4564253903152
France,Italy,6948865961.732206,8466799.43843825,43108679125.63054,51738983.78991773,85028215439.92317,115714020.75218745,3.665454056024632e+21,5986925843963629.0,40.94983338518529
France,Japan,37882347.167362206,21102.654630817324,43108679125.63054,51738983.78991773,29543652475.693275,33028302.14139705,1.2735878347738018e+21,1708850789102247.0,106.81642606559396
France,Malaysia,2973015.0153503427,1670.890889939986,43108679125.63054,51738983.78991773,16986894723.92083,19522853.46143032,7.322825939943694e+20,1010092598773882.4,84.23755794607649
France,Mexico,188157607.42277437,179641.0195325351,43108679125.63054,51738983.78991773,55197296936.53189,71488192.66756846,2.3794825622391027e+21,3698726441597840.0,115.87634326812744
France,Russia,83034632.94796859,61141.659644445484,43108679125.63054,51738983.78991773,7505180857.672238,8804172.188609717,3.235384333732171e+20,455518922150122.7,92.53690208892866
France,South Africa,44033010.95036579,26966.50689231357,43108679125.63054,51738983.78991773,3491987766.0907483,3966841.6543924217,1.5053498011903345e+20,205240356053779.97,112.23570512623604
France,Spain,8749771807.852434,13827885.55133456,43108679125.63054,51738983.78991773,30411831383.82331,41310141.89855985,1.3110138807480195e+21,2137344762048789.2,34.73718842521174
France,Ukraine,678346.5283203127,420.4197056507335,43108679125.63054,51738983.78991773,2669614115.0918794,2993415.9970440585,1.1508353827674997e+20,154876301747542.97,106.06316487892012
France,United Kingdom,890031857.8871716,690724.2027744618,43108679125.63054,51738983.78991773,14216521519.3457,15103076.82513566,6.128554644600953e+20,781417847033576.0,47.03273158802952
France,United States,1234516568.0,753243.9560167985,43108679125.63054,51738983.78991773,120595761242.0,180354448.0683238,5.19872397529253e+21,9331355865046564.0,81.12448420284983
Germany,Austria,5426705747.995422,4156568.282762642,87568789495.22942,88128706.37342833,15364702118.217093,15875548.654514426,1.3454683654470582e+21,1399091565890777.0,28.544485798897256
Germany,Belgium,4069335235.124939,5041883.707752091,87568789495.22942,88128706.37342833,32479866310.468662,47476506.68932843,2.844222575774624e+21,4184043117659932.0,37.06800781105398
Germany,Brazil,503132877.9927979,416126.141017909,87568789495.22942,88128706.37342833,8298699654.963992,9379886.163980313,7.267070831696748e+20,826637233561604.0,101.47388827310829
Germany,Canada,258936562.0462036,178876.6004261511,87568789495.22942,88128706.37342833,21831402497.170246,21647464.564676967,1.911749489660327e+21,1907763048349611.2,100.01658328381515
Germany,China (mainland),2305704314.766236,1479665.7084928006,87568789495.22942,88128706.37342833,77759127639.26492,106341819.28649531,6.809272679575465e+21,9371766967115724.0,68.33669623583044
Germany,France,13579784621.95837,17358835.026794504,87568789495.22942,88128706.37342833,51544634493.05953,55433892.192151785,4.5137012475312713e+21,4885317208138426.0,32.98409239611592
Germany,India,939425578.003296,742947.2482141637,87568789495.22942,88128706.37342833,31245526612.397964,36080361.29465354,2.736132942588666e+21,3179715566383730.5,95.75789226165725
Germany,Indonesia,47840277.57208252,43413.8932302875,87568789495.22942,88128706.37342833,38517934065.54635,59878521.730703816,3.3729688599769545e+21,5277016659680144.0,126.19142073089866
Germany,Iran,47541888.122314446,30620.40714649336,87568789495.22942,88128706.37342833,7489451633.987148,10946534.846878693,6.558422135713226e+20,964703955327073.6,153.28641501891633
Germany,Italy,7474639773.151185,7768549.071024195,87568789495.22942,88128706.37342833,85028215439.92317,115714020.75218745,7.445817899013648e+21,1.0197726958158318e+16,42.80117261231791
Germany,Japan,28334262.93511965,16533.932340352963,87568789495.22942,88128706.37342833,29543652475.693275,33028302.14139705,2.587101884564198e+21,2910741541432055.0,91.26426739562285
Germany,Malaysia,50957064.90405271,29188.759389644936,87568789495.22942,88128706.37342833,16986894723.92083,19522853.46143032,1.4875218082566465e+21,1720523820273861.5,67.63886068585553
Germany,Mexico,1016754657.4551388,752636.7050550816,87568789495.22942,88128706.37342833,55197296936.53189,71488192.66756846,4.833560476140833e+21,6300161940767213.0,89.83945273689667
Germany,Russia,517715898.0260621,411303.1641970738,87568789495.22942,88128706.37342833,7505180857.672238,8804172.188609717,6.572196026491256e+20,775900305671089.6,75.27484722659426
Germany,South Africa,333476541.7622681,263806.6343931237,87568789495.22942,88128706.37342833,3491987766.0907483,3966841.6543924217,3.057891416087172e+20,349592623389834.4,75.81804672246645
Germany,South Korea,3854208.06713867,2011.637419985668,87568789495.22942,88128706.37342833,45189048533.220924,62036767.3909452,3.957150278495329e+21,5467220057753283.0,86.17660651741042
Germany,Spain,4291601694.849,4710664.146800222,87568789495.22942,88128706.37342833,30411831383.82331,41310141.89855985,2.663127260614435e+21,3640609365622841.0,46.98445038987268
Germany,Sweden,1595970630.105103,1158934.7094941663,87568789495.22942,88128706.37342833,8710318987.062227,7368504.891323383,7.627520898143521e+20,649376803978608.9,50.27363002585007
Germany,Ukraine,85987024.11114502,54348.27475303728,87568789495.22942,88128706.37342833,2669614115.0918794,2993415.9970440585,2.3377487647797395e+20,263805879457019.03,79.45123558277642
Germany,United Kingdom,2197275594.851915,1977058.2156636908,87568789495.22942,88128706.37342833,14216521519.3457,15103076.82513566,1.2449235802819826e+21,1331014622857710.8,43.392570357232586
Germany,United States,5091765864.0,3973590.6069445903,87568789495.22942,88128706.37342833,120595761242.0,180354448.0683238,1.0560424830217644e+22,1.5894404196955036e+16,70.04615610557092
India,Austria,47353161.25065756,37524.102880048944,50812620524.42151,74242086.51628137,15364702118.217093,15875548.654514426,7.807207782037405e+20,1178633856701894.2,143.52369464499404
India,Belgium,1850561669.2098036,2301048.196563812,50812620524.42151,74242086.51628137,32479866310.468662,47476506.68932843,1.6503871215177866e+21,3524754917119932.5,101.6814847749797
India,Brazil,391778406.0,303664.54695680004,50812620524.42151,74242086.51628137,8298699654.963992,9379886.163980313,4.21678676413833e+20,696382320099096.9,123.33617021269178
India,Canada,311611819.5988785,246081.7000171082,50812620524.42151,74242086.51628137,21831402497.170246,21647464.564676967,1.10931077060462e+21,1607152937068882.5,127.80658895465564
India,China (mainland),2646465239.7581406,5933217.12092285,50812620524.42151,74242086.51628137,77759127639.26492,106341819.28649531,3.9511450450440246e+21,7895038547766742.0,96.67571060131337
India,France,164565155.29887483,139630.59138782218,50812620524.42151,74242086.51628137,51544634493.05953,55433892.192151785,2.619117952565841e+21,4115527820063947.0,101.296243562451
India,Germany,562187172.3558961,457691.9764371668,50812620524.42151,74242086.51628137,82866679359.00713,85265665.52379914,4.210673132388142e+21,6330300916686205.0,95.75789226165725
India,Indonesia,3525026530.0,4920267.96318924,50812620524.42151,74242086.51628137,38517934065.54635,59878521.730703816,1.9571971670572949e+21,4445506390797946.5,102.90589280487421
India,Iran,667038212.8055785,637545.5502159741,50812620524.42151,74242086.51628137,7489451633.987148,10946534.846878693,3.805586638137976e+20,812693587155456.8,101.96953536894581
India,Italy,5047214689.367312,6207503.349802516,50812620524.42151,74242086.51628137,85028215439.92317,115714020.75218745,4.320506445017574e+21,8590850339830677.0,107.09135122365268
India,Japan,1652744123.4174802,1584715.9815243536,50812620524.42151,74242086.51628137,29543652475.693275,33028302.14139705,1.5011904021527884e+21,2452090065067481.0,120.38658143861456
India,Malaysia,1202925138.7632167,1839360.826928956,50812620524.42151,74242086.51628137,16986894723.92083,19522853.46143032,8.631486354948869e+20,1449417375728192.8,65.57747073128934
India,Mexico,258031360.59158096,342791.3676805594,50812620524.42151,74242086.51628137,55197296936.53189,71488192.66756846,2.804719303209809e+21,5307432584918209.0,147.51542778823753
India,Russia,75285520.77472402,49354.49551037383,50812620524.42151,74242086.51628137,7505180857.672238,8804172.188609717,3.813579068880518e+20,653640113331000.9,120.81228168639396
India,South Africa,106300768.19546764,118116.90013149114,50812620524.42151,74242086.51628137,3491987766.0907483,3966841.6543924217,1.7743704923429156e+20,294506601301790.9,109.51179425379077
India,South Korea,1028391850.0,1269145.045033147,50812620524.42151,74242086.51628137,45189048533.220924,62036767.3909452,2.2961739749782213e+21,4605739051828976.0,97.78513814980057
India,Spain,706731576.0004958,865714.5399025476,50812620524.42151,74242086.51628137,30411831383.82331,41310141.89855985,1.5453048475589065e+21,3066951128832740.5,117.31049149269622
India,Sweden,5058811.658385994,4728.476334466478,50812620524.42151,74242086.51628137,8710318987.062227,7368504.891323383,4.425941333362565e+20,547053177637273.0,128.55597291311122
India,Ukraine,105630482.3388138,68205.86576441173,50812620524.42151,74242086.51628137,2669614115.0918794,2993415.9970440585,1.35650088976803e+20,222237449431765.6,109.48764336711984
India,United Kingdom,361455773.4349366,368627.799535494,50812620524.42151,74242086.51628137,14216521519.3457,15103076.82513566,7.223787131397854e+20,1121283936313765.8,94.63932820164543
India,United States,1879081558.0,2357432.3492136537,50812620524.42151,74242086.51628137,120595761242.0,180354448.0683238,6.127786652843485e+21,1.338989053708467e+16,92.83762339982371
Indonesia,Austria,124409.7611618042,171.2348875913948,34951210344.90991,27965225.29109022,15364702118.217093,15875548.654514426,5.370149356206885e+20,443963294743160.1,205.26396442430317
Indonesia,Belgium,117047497.5010376,167233.3201046474,34951210344.90991,27965225.29109022,32479866310.468662,47476506.68932843,1.1352106393917431e+21,1327691205601021.5,139.8111445106206
Indonesia,Brazil,63267077.0,61512.868,34951210344.90991,27965225.29109022,8298699654.963992,9379886.163980313,2.900495972298778e+20,262310629780489.47,140.8424252930137
Indonesia,Canada,3438588.34375,2875.632,34951210344.90991,27965225.29109022,21831402497.170246,21647464.564676967,7.630339408029888e+20,605376223532083.6,143.06851366391078
Indonesia,China (mainland),13735545155.424128,10165145.86532526,34951210344.90991,27965225.29109022,77759127639.26492,106341819.28649531,2.717775626356646e+21,2973872934211244.5,93.41735420918627
Indonesia,France,3552632.892578125,2604.901361906694,34951210344.90991,27965225.29109022,51544634493.05953,55433892.192151785,1.8015473623184224e+21,1550221283915531.8,134.31566026572094
Indonesia,Germany,13164430.693847656,20543.400393486023,34951210344.90991,27965225.29109022,82866679359.00713,85265665.52379914,2.8962907408608626e+21,2384473545967787.0,126.19142073089866
Indonesia,India,2433769297.802246,1958920.3524095544,34951210344.90991,27965225.29109022,31245526612.397964,36080361.29465354,1.0920689729674018e+21,1008995432188918.0,102.90589280487421
Indonesia,Iran,600.0,1.5,34951210344.90991,27965225.29109022,7489451633.987148,10946534.846878693,2.6176539942751407e+20,306122313149732.44,169.7929357683202
Indonesia,Italy,1077716309.6660156,700353.4580727282,34951210344.90991,27965225.29109022,85028215439.92317,115714020.75218745,2.9718390430930714e+21,3235968659672810.5,132.16701946888017
Indonesia,Japan,94808305.0732422,101952.60816290548,34951210344.90991,27965225.29109022,29543652475.693275,33028302.14139705,1.032586412034874e+21,923643910366366.0,95.21010860807027
Indonesia,Malaysia,1608829696.9195786,1319073.936255596,34951210344.90991,27965225.29109022,16986894723.92083,19522853.46143032,5.937125306025973e+20,545960995373839.4,53.497435097757055
Indonesia,Mexico,91252418.9169922,162107.44199999998,34951210344.90991,27965225.29109022,55197296936.53189,71488192.66756846,1.9292123356991772e+21,1999183413601416.0,203.19874088108438
Indonesia,Russia,21334238.879516605,10782.004,34951210344.90991,27965225.29109022,7505180857.672238,8804172.188609717,2.623151548330938e+20,246210658756021.6,159.48174049864045
Indonesia,South Africa,24246102.0,15940.84,34951210344.90991,27965225.29109022,3491987766.0907483,3966841.6543924217,1.220491989344898e+20,110933620559165.12,138.47623849714063
Indonesia,South Korea,2399368476.0,3296183.8307441664,34951210344.90991,27965225.29109022,45189048533.220924,62036767.3909452,1.5794119405709474e+21,1734872176418741.8,96.57627595760778
Indonesia,Spain,4596041.302001953,3803.633371179965,34951210344.90991,27965225.29109022,30411831383.82331,41310141.89855985,1.0629303156699413e+21,1155247425000131.8,141.5583211304492
Indonesia,Sweden,4870.58447265625,4.0,34951210344.90991,27965225.29109022,8710318987.062227,7368504.891323383,3.0443619108807456e+20,206061899344358.62,165.76569432922784
Indonesia,Ukraine,216215.8928222656,102.783,34951210344.90991,27965225.29109022,2669614115.0918794,2993415.9970440585,9.33062444763168e+19,83711552747290.55,147.11628142720545
Indonesia,United Kingdom,143925.0620117188,63.208,34951210344.90991,27965225.29109022,14216521519.3457,15103076.82513566,4.968846339955898e+20,422360946003562.3,144.23426717705118
Indonesia,United States,189239000.0,111082.09204187756,34951210344.90991,27965225.29109022,120595761242.0,180354448.0683238,4.214967817873676e+21,5043652772480906.0,117.75953029845164
Iran,Austria,246027.0593109131,212.04593823527512,13063317252.267376,29321299.205503877,15364702118.217093,15875548.654514426,2.0071397825685445e+20,465491712150552.0,195.49023771304425
Iran,Belgium,53462554.548828125,90812.51826953884,13063317252.267376,29321299.205503877,32479866310.468662,47476506.68932843,4.242947979248832e+20,1392072857869905.0,177.76760855132903
Iran,Brazil,96129996.0,256094.638,13063317252.267376,29321299.205503877,8298699654.963992,9379886.163980313,1.0840854637407643e+20,275030448727632.72,199.37522161835656
Iran,Canada,5592224.531860352,17534.465,13063317252.267376,29321299.205503877,21831402497.170246,21647464.564676967,2.8519053688247717e+20,634731785541436.0,293.85539575133475
Iran,China (mainland),1996352274.0,4161660.1491222153,13063317252.267376,29321299.205503877,77759127639.26492,106341819.28649531,1.0157921536112704e+21,3118080301356951.5,94.98646827176017
Iran,France,8587054.576931,12907.56395827447,13063317252.267376,29321299.205503877,51544634493.05953,55433892.192151785,6.733439130350007e+20,1625393739091727.5,188.4564253903152
Iran,Germany,50757318.048583984,79257.19970989229,13063317252.267376,29321299.205503877,82866679359.00713,85265665.52379914,1.0825137221086266e+21,2500100090779730.5,153.28641501891633
Iran,India,41235956.60575867,81768.179,13063317252.267376,29321299.205503877,31245526612.397964,36080361.29465354,4.081702268519177e+20,1057923068963217.6,101.96953536894581
Iran,Indonesia,53971828.0,121432.29805660376,13063317252.267376,29321299.205503877,38517934065.54635,59878521.730703816,5.031719926001489e+20,1755716051649232.2,169.7929357683202
Iran,Italy,530969505.9987792,1162080.4363834516,13063317252.267376,29321299.205503877,85028215439.92317,115714020.75218745,1.1107505536858556e+21,3392885424746772.0,132.15593041664084
Iran,Malaysia,8439972.25,25610.76,13063317252.267376,29321299.205503877,16986894723.92083,19522853.46143032,2.2190519490944464e+20,572435427687805.4,134.27681018194477
Iran,Russia,730826.095703125,729.4169999999999,13063317252.267376,29321299.205503877,7505180857.672238,8804172.188609717,9.80425585794166e+19,258149766999001.4,159.65991793326455
Iran,South Korea,18741969.0,37758.729,13063317252.267376,29321299.205503877,45189048533.220924,62036767.3909452,5.903188773175727e+20,1818998618412150.0,124.65357121101368
Iran,Spain,71143622.98107913,149432.5915052791,13063317252.267376,29321299.205503877,30411831383.82331,41310141.89855985,3.972794015893455e+20,1211267030829495.2,170.5817177280296
Iran,Sweden,235.33270144462605,0.2221537808748148,13063317252.267376,29321299.205503877,8710318987.062227,7368504.891323383,1.1378566029644209e+20,216054136615711.7,195.28905833772285
Iran,Ukraine,72709.54150390625,47.168,13063317252.267376,29321299.205503877,2669614115.0918794,2993415.9970440585,3.487401612657625e+19,87770846095870.53,161.5321548298858
Iran,United Kingdom,39711600.50830078,76562.671,13063317252.267376,29321299.205503877,14216521519.3457,15103076.82513566,1.857149308308991e+20,442841834513514.2,213.17715149907568
Italy,Austria,1936762253.6035364,1866110.7404194127,30321366781.145992,27740283.732377023,15364702118.217093,15875548.654514426,4.658787684095112e+20,440392224083386.5,55.42526585066824
Italy,Belgium,608304873.1517287,593037.3287951534,30321366781.145992,27740283.732377023,32479866310.468662,47476506.68932843,9.848339394023071e+20,1317011766184066.5,55.39877017205274
Italy,Brazil,170632389.08459473,118334.1996773655,30321366781.145992,27740283.732377023,8298699654.963992,9379886.163980313,2.516279160447329e+20,260200703566211.4,106.91407459291645
Italy,Canada,136134686.28100577,183747.8919317193,30321366781.145992,27740283.732377023,21831402497.170246,21647464.564676967,6.619579624635256e+20,600506809110716.6,111.5273495432513
Italy,China (mainland),192280126.8963624,124456.6461577328,30321366781.145992,27740283.732377023,77759127639.26492,106341819.28649531,2.3577630297320983e+21,2949952239624543.5,95.57016973935407
Italy,France,3279624771.3870463,2764994.6009150976,30321366781.145992,27740283.732377023,51544634493.05953,55433892.192151785,1.5629037680641672e+21,1537751897800290.0,40.94983338518529
Italy,Germany,7242709470.177307,6924111.210567015,30321366781.145992,27740283.732377023,82866679359.00713,85265665.52379914,2.512630978780075e+21,2365293754260146.0,42.80117261231791
Italy,India,324563456.44494635,337163.8523551168,30321366781.145992,27740283.732377023,31245526612.397964,36080361.29465354,9.474070726845767e+20,1000879459480363.4,107.09135122365268
Italy,Indonesia,17908135.985595707,19897.19255246713,30321366781.145992,27740283.732377023,38517934065.54635,59878521.730703816,1.1679164064534288e+21,1661047182285027.2,132.1670194688801
Italy,Iran,17396995.571533207,12094.15836451203,30321366781.145992,27740283.732377023,7489451633.987148,10946534.846878693,2.270904099837775e+20,303659982538767.25,132.15593041664084
Italy,Japan,2619935.3946533203,2092.381181682573,30321366781.145992,27740283.732377023,29543652475.693275,33028302.14139705,8.958039227702076e+20,916214472601030.0,117.54746941767696
Italy,Malaysia,10161410.27575684,8271.10398249623,30321366781.145992,27740283.732377023,16986894723.92083,19522853.46143032,5.150658653967172e+20,541569494285696.0,98.52037144828223
Italy,Mexico,631599952.0555422,556743.2541085442,30321366781.145992,27740283.732377023,55197296936.53189,71488192.66756846,1.6736574857404096e+21,1983102748113184.0,127.65481978958009
Italy,Russia,47540004.074707046,22966.32202219449,30321366781.145992,27740283.732377023,7505180857.672238,8804172.188609717,2.2756734154431575e+20,244230234540736.4,81.81581507137341
Italy,South Africa,38164227.13732912,28304.16881025326,30321366781.145992,27740283.732377023,3491987766.0907483,3966841.6543924217,1.058818418509122e+20,110041313014257.69,112.9719013712679
Italy,South Korea,24189026.96508789,13003.544781212737,30321366781.145992,27740283.732377023,45189048533.220924,62036767.3909452,1.3701937150667989e+21,1720917529264294.5,105.12738097261189
Italy,Spain,2212503003.206539,2446978.0961531294,30321366781.145992,27740283.732377023,30411831383.82331,41310141.89855985,9.221282938752732e+20,1145955057290806.5,47.6970934025635
Italy,Sweden,220193478.60647872,131339.77346754624,30321366781.145992,27740283.732377023,8710318987.062227,7368504.891323383,2.641087767874938e+20,204404416368718.6,76.45262813319437
Italy,Ukraine,22387534.958984382,16642.614702520717,30321366781.145992,27740283.732377023,2669614115.0918794,2993415.9970440585,8.094634874782536e+19,83038209087038.45,78.58041551554511
Italy,United Kingdom,712696872.8812953,522754.7763726455,30321366781.145992,27740283.732377023,14216521519.3457,15103076.82513566,4.310643633401359e+20,418963636361151.2,61.5465801400809
Italy,United States,1117025447.0,956848.8499906292,30321366781.145992,27740283.732377023,120595761242.0,180354448.0683238,3.656628308870192e+21,5003083561811560.0,87.74437487739273
Japan,Austria,68471032.47077227,33218.86640023643,101495794396.7084,136118681.04876637,15364702118.217093,15875548.654514426,1.5594526471572318e+21,2160958743778020.8,135.88473070859263
Japan,Belgium,382850277.6718751,207118.04631941975,101495794396.7084,136118681.04876637,32479866310.468662,47476506.68932843,3.296569833079903e+21,6462439471354320.0,108.6937215396463
Japan,Brazil,395761543.0,341352.357460114,101495794396.7084,136118681.04876637,8298699654.963992,9379886.163980313,8.422831139402602e+20,1276777733028573.0,134.3431610077741
Japan,Canada,157826095.54614264,84210.52117296719,101495794396.7084,136118681.04876637,21831402497.170246,21647464.564676967,2.2157955392445772e+21,2946624324593736.0,104.65038413158089
Japan,China (mainland),15951984191.491089,18748923.13678579,101495794396.7084,136118681.04876637,77759127639.26492,106341819.28649531,7.892224431342237e+21,1.4475108181604008e+16,67.88025608365977
Japan,France,15499515.380688189,14392.038670597856,101495794396.7084,136118681.04876637,51544634493.05953,55433892.192151785,5.231563624761053e+21,7545588290595210.0,106.81642606559396
Japan,Germany,32239841.50024414,18320.21593718546,101495794396.7084,136118681.04876637,82866679359.00713,85265665.52379914,8.410619450559746e+21,1.160624992984481e+16,91.26426739562285
Japan,India,3703447637.757569,3522787.778522574,101495794396.7084,136118681.04876637,31245526612.397964,36080361.29465354,3.171289544868824e+21,4911211191191201.0,120.38658143861456
Japan,Indonesia,7149579153.85901,9304771.466130836,101495794396.7084,136118681.04876637,38517934065.54635,59878521.730703816,3.909408316502662e+21,8150585401133299.0,95.21010860807027
Japan,Iran,53809579.331054695,61331.12838675108,101495794396.7084,136118681.04876637,7489451633.987148,10946534.846878693,7.601478431872513e+20,1490027885411487.5,225.8357981973523
Japan,Italy,256713010.73425296,231188.6620232431,101495794396.7084,136118681.04876637,85028215439.92317,115714020.75218745,8.630006272209468e+21,1.5750839883637334e+16,117.54746941767696
Japan,Malaysia,2817408469.510498,3609742.2345944135,101495794396.7084,136118681.04876637,16986894723.92083,19522853.46143032,1.724098374337599e+21,2657425063478238.0,62.38113351292706
Japan,Mexico,7233236550.544923,7025381.949429148,101495794396.7084,136118681.04876637,55197296936.53189,71488192.66756846,5.602293501124302e+21,9730878496469510.0,116.88482459102559
Japan,Russia,27871315.43615724,14878.22150415612,101495794396.7084,136118681.04876637,7505180857.672238,8804172.188609717,7.617442932404131e+20,1198412306039785.5,117.46328049891456
Japan,South Africa,477812013.69921887,511197.0661974832,101495794396.7084,136118681.04876637,3491987766.0907483,3966841.6543924217,3.544220723429676e+20,539961253925202.8,109.89535942836417
Japan,South Korea,12825081235.0,18699495.24719554,101495794396.7084,136118681.04876637,45189048533.220924,62036767.3909452,4.586498378910668e+21,8444362953784579.0,69.27743709488472
Japan,Spain,148927664.5201416,176561.05947722166,101495794396.7084,136118681.04876637,30411831383.82331,41310141.89855985,3.086672985359894e+21,5623082029169349.0,128.6809752660878
Japan,Sweden,553395.506363869,250.561249507788,101495794396.7084,136118681.04876637,8710318987.062227,7368504.891323383,8.840607450406131e+20,1002991167108322.4,127.51207735359667
Japan,Ukraine,77792.703125,51.15,101495794396.7084,136118681.04876637,2669614115.0918794,2993415.9970440585,2.70954605343916e+20,407459837347915.2,180.87032723193934
Japan,United Kingdom,93637411.75195315,87826.07703654504,101495794396.7084,136118681.04876637,14216521519.3457,15103076.82513566,1.4429171451638915e+21,2055810897215656.0,100.48589727813822
Japan,United States,3100057650.0,3636272.073161066,101495794396.7084,136118681.04876637,120595761242.0,180354448.0683238,1.2239962588132569e+22,2.4549609592338464e+16,77.070894615151
Malaysia,Austria,7576971.531051637,6250.651581721069,15684244226.15314,22324253.86363008,15364702118.217093,15875548.654514426,2.4098374048420934e+20,354409778387791.06,116.51165489042256
Malaysia,Belgium,42190846.79467774,30240.905978262424,15684244226.15314,22324253.86363008,32479866310.468662,47476506.68932843,5.09422155646194e+20,1059877587890899.8,96.12531273514136
Malaysia,Brazil,3152709.0,2202.426820471535,15684244226.15314,22324253.86363008,8298699654.963992,9379886.163980313,1.3015883214794806e+20,209398959936647.84,113.25791367269488
Malaysia,Canada,24609299.13745117,21544.75307622007,15684244226.15314,22324253.86363008,21831402497.170246,21647464.564676967,3.424090485650677e+20,483263494445785.06,111.76336268649567
Malaysia,China (mainland),2236407614.3088856,4598304.086800386,15684244226.15314,22324253.86363008,77759127639.26492,106341819.28649531,1.219593148706846e+21,2374001770071995.0,49.6865258371944
Malaysia,France,120701437.5018425,90038.59420151093,15684244226.15314,22324253.86363008,51544634493.05953,55433892.192151785,8.08438635936943e+20,1237520281946698.0,84.23755794607645
Malaysia,Germany,290210006.8388672,231948.19090893,15684244226.15314,22324253.86363008,82866679359.00713,85265665.52379914,1.2997012372769913e+21,1903492363004663.2,67.6388606858555
Malaysia,India,1153391479.7293613,1218844.6355723443,15684244226.15314,22324253.86363008,31245526612.397964,36080361.29465354,4.900624703636171e+20,805467145033338.6,65.5774707312893
Malaysia,Indonesia,1978180439.4279785,3145604.4531080937,15684244226.15314,22324253.86363008,38517934065.54635,59878521.730703816,6.041246849708927e+20,1336743320095122.5,53.49743509775701
Malaysia,Iran,8000024.728515625,11297.592,15684244226.15314,22324253.86363008,7489451633.987148,10946534.846878693,1.1746638854741616e+20,244373222848792.97,134.27681018194477
Malaysia,Italy,309662391.7078858,310591.75086561614,15684244226.15314,22324253.86363008,85028215439.92317,115714020.75218745,1.3336032970737205e+21,2583229174853192.0,98.52037144828219
Malaysia,Japan,1444069370.0607915,1305737.5455575644,15684244226.15314,22324253.86363008,29543652475.693275,33028302.14139705,4.633698607613672e+20,737332201689224.9,62.38113351292706
Malaysia,Mexico,22030093.07189941,19449.9195808832,15684244226.15314,22324253.86363008,55197296936.53189,71488192.66756846,8.657278857760608e+20,1595920561362897.0,114.34545193648583
Malaysia,Russia,514381.4140625,427.042,15684244226.15314,22324253.86363008,7505180857.672238,8804172.188609717,1.1771308953318089e+20,196546574997635.0,121.6930669993848
Malaysia,South Africa,21671980.842193604,20032.248291015625,15684244226.15314,22324253.86363008,3491987766.0907483,3966841.6543924217,5.476918895810622e+19,88556780129478.77,101.19015004542544
Malaysia,South Korea,2230315841.0,4226539.140422446,15684244226.15314,22324253.86363008,45189048533.220924,62036767.3909452,7.087560735425243e+20,1384924544114429.0,59.4384114997821
Malaysia,Spain,29101738.825927734,24287.5825625,15684244226.15314,22324253.86363008,30411831383.82331,41310141.89855985,4.7698659078847365e+20,922218094886031.8,110.31698106230102
Malaysia,Sweden,33530585.154747497,26666.8253150718,15684244226.15314,22324253.86363008,8710318987.062227,7368504.891323383,1.366147702807828e+20,164496373789303.2,107.71655481679576
Malaysia,Ukraine,3064018.3872070312,2104.286,15684244226.15314,22324253.86363008,2669614115.0918794,2993415.9970440585,4.1870879770686734e+19,66825778637462.92,113.02689960330122
Malaysia,United Kingdom,13768939.84326172,8846.52200109197,15684244226.15314,22324253.86363008,14216521519.3457,15103076.82513566,2.2297539555577967e+20,337164921166236.7,81.92926379153053
Malaysia,United States,839354147.0,679638.4833056324,15684244226.15314,22324253.86363008,120595761242.0,180354448.0683238,1.8914533719583807e+21,4026278484112149.0,66.65978299115415
Mexico,Austria,189001.8252029419,248.11647278934885,13698690666.574312,19324693.27940272,15364702118.217093,15875548.654514426,2.1047630150151504e+20,306790108390725.9,161.39771439925178
Mexico,Belgium,64719513.80639648,127791.53556433624,13698690666.574312,19324693.27940272,32479866310.468662,47476506.68932843,4.449316414787985e+20,917468929748783.6,137.82320069248306
Mexico,Brazil,30896207.0,42025.81355387299,13698690666.574312,19324693.27940272,8298699654.963992,9379886.163980313,1.1368131950815873e+20,181263423114632.9,100.51281965450217
Mexico,Canada,788937711.6501373,1000787.5927238282,13698690666.574312,19324693.27940272,21831402497.170246,21647464.564676967,2.990616296262132e+20,418330612989121.6,77.23163824138724
Mexico,China (mainland),160191385.0,378589.4037615628,13698690666.574312,19324693.27940272,77759127639.26492,106341819.28649531,1.065198236032959e+21,2055023040485194.8,107.78178205624863
Mexico,France,9916442.880252833,13402.166979070867,13698690666.574312,19324693.27940272,51544634493.05953,55433892.192151785,7.060940034420589e+20,1071242963896810.6,115.87634326812746
Mexico,Germany,61657542.70214848,118615.9525898867,13698690666.574312,19324693.27940272,82866679359.00713,85265665.52379914,1.1351650071052372e+21,1647732833511561.5,89.83945273689666
Mexico,India,34005145.840023026,55605.99807710896,13698690666.574312,19324693.27940272,31245526612.397964,36080361.29465354,4.2802280377745526e+20,697241915429213.4,147.51542778823753
Mexico,Indonesia,51090727.0,99815.524,13698690666.574312,19324693.27940272,38517934065.54635,59878521.730703816,5.276452638794245e+20,1157134066469901.8,203.19874088108438
Mexico,Italy,18700789.930175785,42225.25260289977,13698690666.574312,19324693.27940272,85028215439.92317,115714020.75218745,1.1647752212423454e+21,2236137959162463.5,127.65481978958009
Mexico,Japan,430769.3142089844,306.252,13698690666.574312,19324693.27940272,29543652475.693275,33028302.14139705,4.047093564252945e+20,638261808421938.1,116.88482459102559
Mexico,Malaysia,1260701.7552490234,3189.871747368113,13698690666.574312,19324693.27940272,16986894723.92083,19522853.46143032,2.326982162086547e+20,377273155080866.6,114.34545193648587
Mexico,Russia,647122.3598632812,426.08553654966414,13698690666.574312,19324693.27940272,7505180857.672238,8804172.188609717,1.0281115096594688e+20,170137927123930.56,172.958262788577
Mexico,South Africa,65235368.91047394,123256.9754233306,13698690666.574312,19324693.27940272,3491987766.0907483,3966841.6543924217,4.7835660219139015e+19,76657998259092.0,187.34022853413583
Mexico,South Korea,176232690.0,320915.8689533235,13698690666.574312,19324693.27940272,45189048533.220924,62036767.3909452,6.190307973734071e+20,1198841501875668.5,112.3349320428544
Mexico,Spain,20040957.57826996,18943.07071974001,13698690666.574312,19324693.27940272,30411831383.82331,41310141.89855985,4.1660227073101215e+20,798305821518272.4,109.7705406388473
Mexico,Sweden,195167.0096679927,97.5286200149306,13698690666.574312,19324693.27940272,8710318987.062227,7368504.891323383,1.1931996541095436e+20,142394096952603.06,171.3358957413098
Mexico,United Kingdom,245848.25097656247,389.3041512929374,13698690666.574312,19324693.27940272,14216521519.3457,15103076.82513566,1.9474773064821375e+20,291862327221002.06,127.75064199367313
Mexico,United States,11110378225.0,15377246.518271768,13698690666.574312,19324693.27940272,120595761242.0,180354448.0683238,1.6520040289542097e+21,3485294390496324.0,31.77220122882001
Russia,Austria,169174294.17996696,386267.7717089435,119023292747.44728,252013052.72258237,15364702118.217093,15875548.654514426,1.828757438193876e+21,4000845480070065.5,124.61274013117871
Russia,Belgium,8043118317.175372,17453660.0436,119023292747.44728,252013052.72258237,32479866310.468662,47476506.68932843,3.865860636268861e+21,1.196469938338176e+16,87.04422636083176
Russia,Brazil,1011970335.0,1612739.3133597416,119023292747.44728,252013052.72258237,8298699654.963992,9379886.163980313,9.877385584559188e+20,2363853746374991.0,123.33986092678653
Russia,Canada,150344739.94520953,118266.07036,119023292747.44728,252013052.72258237,21831402497.170246,21647464.564676967,2.598445410508045e+21,5455443628648169.0,157.57755109576055
Russia,China (mainland),2310177341.977584,6751151.375521527,119023292747.44728,252013052.72258237,77759127639.26492,106341819.28649531,9.255147412794348e+21,2.6799526510462868e+16,89.75623932586818
Russia,France,670547524.7096922,1400396.825295369,119023292747.44728,252013052.72258237,51544634493.05953,55433892.192151785,6.135012120827593e+21,1.3970064395638694e+16,92.53690208892866
Russia,Germany,2070213461.4134529,4447342.024863325,119023292747.44728,252013052.72258237,82866679359.00713,85265665.52379914,9.86306503635595e+21,2.1488060661075264e+16,75.27484722659426
Russia,India,784854768.5883831,743112.0304151318,119023292747.44728,252013052.72258237,31245526612.397964,36080361.29465354,3.718945461035597e+21,9092721993199342.0,120.81228168639396
Russia,Indonesia,892200241.3233643,2009529.064375056,119023292747.44728,252013052.72258237,38517934065.54635,59878521.730703816,4.584531342310395e+21,1.5090169053870154e+16,159.48174049864045
Russia,Iran,428574112.6767208,966793.2991152814,119023292747.44728,252013052.72258237,7489451633.987148,10946534.846878693,8.914191943498996e+20,2758669663496024.5,159.65991793326455
Russia,Italy,10853422736.80237,24910715.873659573,119023292747.44728,252013052.72258237,85028215439.92317,115714020.75218745,1.0120338178098992e+22,2.9161443612563e+16,81.81581507137341
Russia,Japan,2032549085.0400395,1954743.7528510008,119023292747.44728,252013052.72258237,29543652475.693275,33028302.14139705,3.5163827974432856e+21,8323563248897274.0,117.46328049891456
Russia,Malaysia,20510274.328125,36982.337,119023292747.44728,252013052.72258237,16986894723.92083,19522853.46143032,2.0218361435952964e+21,4920013898670688.0,121.69306699938484
Russia,Mexico,9301182272.851604,20061875.56860048,119023292747.44728,252013052.72258237,55197296936.53189,71488192.66756846,6.569764032144609e+21,1.8015957667774056e+16,172.958262788577
Russia,South Africa,44127833.78570557,40085.44460000229,119023292747.44728,252013052.72258237,3491987766.0907483,3966841.6543924217,4.156278821539235e+20,999695874990533.2,194.69864969779502
Russia,South Korea,2120837607.0,3476611.622265322,119023292747.44728,252013052.72258237,45189048533.220924,62036767.3909452,5.378549352548157e+21,1.5634075131232848e+16,94.61559280408686
Russia,Spain,1471157171.5207217,3727029.7943579066,119023292747.44728,252013052.72258237,30411831383.82331,41310141.89855985,3.619716309782806e+21,1.0410694968259122e+16,111.78860582307676
Russia,Sweden,351926108.9609797,713274.768373944,119023292747.44728,252013052.72258237,8710318987.062227,7368504.891323383,1.0367308467207558e+21,1856959411663685.2,102.02980583151083
Russia,Ukraine,1004271849.4937464,1498684.1168964468,119023292747.44728,252013052.72258237,2669614115.0918794,2993415.9970440585,3.177462623432981e+20,754379903483685.8,48.78234643744511
Russia,United Kingdom,446907362.0546877,883553.3930524712,119023292747.44728,252013052.72258237,14216521519.3457,15103076.82513566,1.692097202647467e+21,3806172496206125.0,91.28993139928227
Russia,United States,16872875169.0,36620013.35831122,119023292747.44728,252013052.72258237,120595761242.0,180354448.0683238,1.435370459440782e+22,4.545167502979472e+16,120.9558335410842
South Africa,Austria,296159960.9099141,234372.93076734463,14244421509.94068,17795608.755477134,15364702118.217093,15875548.654514426,2.1886129334656267e+20,282515052634280.2,147.11070923368038
South Africa,Belgium,88495910.86398105,103006.67986465576,14244421509.94068,17795608.755477134,32479866310.468662,47476506.68932843,4.626569063128374e+20,844873338120081.8,93.7845964104315
South Africa,Brazil,235131676.0,176864.20506352957,14244421509.94068,17795608.755477134,8298699654.963992,9379886.163980313,1.182101758697064e+20,166920784345106.88,132.4749915639502
South Africa,Canada,40645430.260864265,46487.50186418284,14244421509.94068,17795608.755477134,21831402497.170246,21647464.564676967,3.1097569932286453e+20,385229809941046.4,152.01288005876137
South Africa,China (mainland),134531459.3302081,263907.6209353232,14244421509.94068,17795608.755477134,77759127639.26492,106341819.28649531,1.107633790338968e+21,1892417410368123.2,107.74942395942503
South Africa,France,222433280.7550469,221702.29533589203,14244421509.94068,17795608.755477134,51544634493.05953,55433892.192151785,7.342235002949675e+20,986479857244832.0,112.23570512623604
South Africa,Germany,1190167864.5242922,1181253.8439592926,14244421509.94068,17795608.755477134,82866679359.00713,85265665.52379914,1.1803879099187984e+21,1517354423936904.8,75.81804672246645
South Africa,India,550235051.1739048,963252.7867377342,14244421509.94068,17795608.755477134,31245526612.397964,36080361.29465354,4.450744513670655e+20,642071993355914.9,109.51179425379077
South Africa,Indonesia,99770388.0,90166.95369490168,14244421509.94068,17795608.755477134,38517934065.54635,59878521.730703816,5.486656885217453e+20,1065574745575940.6,138.47623849714063
South Africa,Iran,2607105.899902344,3422.6510000000003,14244421509.94068,17795608.755477134,7489451633.987148,10946534.846878693,1.066829059528269e+20,194800251363250.0,235.12131140356104
South Africa,Italy,827427611.9742434,1315964.8853296912,14244421509.94068,17795608.755477134,85028215439.92317,115714020.75218745,1.211177740964312e+21,2059201440829089.2,112.9719013712679
South Africa,Japan,210520465.7106934,353720.287772197,14244421509.94068,17795608.755477134,29543652475.693275,33028302.14139705,4.208322388069775e+20,587758742765989.5,109.89535942836417
South Africa,Malaysia,910950795.1348728,516763.7664647776,14244421509.94068,17795608.755477134,16986894723.92083,19522853.46143032,2.419684885925157e+20,347421061990126.44,101.19015004542551
South Africa,Mexico,33857469.97990275,27290.39067509197,14244421509.94068,17795608.755477134,55197296936.53189,71488192.66756846,7.862535637733177e+20,1272175907348217.5,187.34022853413583
South Africa,Russia,68779053.29199222,49056.094452754165,14244421509.94068,17795608.755477134,7505180857.672238,8804172.188609717,1.0690695964502149e+20,156675603684351.38,194.69864969779502
South Africa,South Korea,232869100.0,284364.66159814777,14244421509.94068,17795608.755477134,45189048533.220924,62036767.3909452,6.436918549403654e+20,1103982040943802.8,129.10020918727312
South Africa,Spain,267300186.3383714,402101.6531924303,14244421509.94068,17795608.755477134,30411831383.82331,41310141.89855985,4.331989451204218e+20,735139122860014.5,108.57420037621064
South Africa,Sweden,148844707.43215978,136757.85929959692,14244421509.94068,17795608.755477134,8710318987.062227,7368504.891323383,1.240734551377539e+20,131127030158810.48,123.83962585327285
South Africa,Ukraine,10564581.916275026,7025.750819458009,14244421509.94068,17795608.755477134,2669614115.0918794,2993415.9970440585,3.802710872425602e+19,53269659925782.56,218.01623606117155
South Africa,United Kingdom,124634228.2752991,187071.4071481176,14244421509.94068,17795608.755477134,14216521519.3457,15103076.82513566,2.025061249267024e+20,268768446184027.97,86.5875129431903
South Africa,United States,3032884433.0,3760945.651521193,14244421509.94068,17795608.755477134,120595761242.0,180354448.0683238,1.7178168554432152e+21,3209517195133909.0,106.46441278359679
South Korea,Austria,85705319.16043285,51055.50830251708,90689708759.31683,109797708.81093016,15364702118.217093,15875548.654514426,1.3934203602747667e+21,1743098868382129.0,121.97422601234575
South Korea,Belgium,1313858955.0,1641583.465902599,90689708759.31683,109797708.81093016,32479866310.468662,47476506.68932843,2.9455896162379503e+21,5212811656835061.0,111.82688505088213
South Korea,Brazil,832086013.0,794714.0316818843,90689708759.31683,109797708.81093016,8298699654.963992,9379886.163980313,7.526066547897277e+20,1029890009712383.2,114.37601388806539
South Korea,Canada,522990542.0,502361.0033169414,90689708759.31683,109797708.81093016,21831402497.170246,21647464.564676967,1.979883534275792e+21,2376842010767330.5,107.09599311080274
South Korea,China (mainland),15616342864.0,19681115.6711076,90689708759.31683,109797708.81093016,77759127639.26492,106341819.28649531,7.051952638983481e+21,1.167608810844317e+16,56.03795754602627
South Korea,France,102858759.93920425,99484.93849033488,90689708759.31683,109797708.81093016,51544634493.05953,55433892.192151785,4.6745678902810064e+21,6086514353170377.0,102.20921349281916
South Korea,Germany,716547662.8004153,623544.7476510195,90689708759.31683,109797708.81093016,82866679359.00713,85265665.52379914,7.515155016920049e+21,9361974714752264.0,86.17660651741042
South Korea,India,7999009453.0,10208045.9186829,90689708759.31683,109797708.81093016,31245526612.397964,36080361.29465354,2.833647708509856e+21,3961541003223525.0,97.78513814980057
South Korea,Indonesia,5036255428.0,6755450.790336717,90689708759.31683,109797708.81093016,38517934065.54635,59878521.730703816,3.4931802224149675e+21,6574524493016772.0,96.57627595760778
South Korea,Iran,1050171437.0,1206077.0421049574,90689708759.31683,109797708.81093016,7489451633.987148,10946534.846878693,6.792161874532842e+20,1201904445606286.8,124.65357121101368
South Korea,Italy,2758812622.509767,2804371.795162073,90689708759.31683,109797708.81093016,85028215439.92317,115714020.75218745,7.71118409457108e+21,1.2705134355890606e+16,105.12738097261189
South Korea,Japan,11345369204.0,16360998.802735807,90689708759.31683,109797708.81093016,29543652475.693275,33028302.14139705,2.679305238707093e+21,3626431901040535.0,69.27743709488472
South Korea,Malaysia,2464443150.0,3319674.3004146065,90689708759.31683,109797708.81093016,16986894723.92083,19522853.46143032,1.540536535237556e+21,2143564579516586.0,59.438411499782134
South Korea,Mexico,7256061253.0,9282935.815490488,90689708759.31683,109797708.81093016,55197296936.53189,71488192.66756846,5.005826783475609e+21,7849239761933355.0,112.3349320428544
South Korea,Russia,315356467.0,235489.91714947365,90689708759.31683,109797708.81093016,7505180857.672238,8804172.188609717,6.806426661682951e+20,966677934286259.6,94.61559280408686
South Korea,South Africa,78346791.0,51742.7777992187,90689708759.31683,109797708.81093016,3491987766.0907483,3966841.6543924217,3.166873534978674e+20,435550124868047.6,129.10020918727312
South Korea,Spain,674434506.8656924,756160.16812582,90689708759.31683,109797708.81093016,30411831383.82331,41310141.89855985,2.758040131036388e+21,4535758931116280.0,118.2672936322328
South Korea,Sweden,175901876.74084428,206025.8090720932,90689708759.31683,109797708.81093016,8710318987.062227,7368504.891323383,7.899362921374211e+20,809044954429439.4,120.30420108899048
South Korea,Ukraine,25172509.0,21037.316899999976,90689708759.31683,109797708.81093016,2669614115.0918794,2993415.9970440585,2.421065265974439e+20,328670217993423.75,150.19312853419228
South Korea,United Kingdom,476753121.203003,575685.9638812484,90689708759.31683,109797708.81093016,14216521519.3457,15103076.82513566,1.2892921961600222e+21,1658283231395352.8,98.91207227863265
South Korea,United States,3402755335.0,3223375.134424748,90689708759.31683,109797708.81093016,120595761242.0,180354448.0683238,1.093679446464509e+22,1.980250517176184e+16,72.56416747562122
Spain,Austria,8542961.868553156,3920.412982089306,15333720973.34079,13409999.709344365,15364702118.217093,15875548.654514426,2.355980551192391e+20,212891102842720.8,79.62383934698641
Spain,Belgium,168664976.22099537,194337.349839846,15333720973.34079,13409999.709344365,32479866310.468662,47476506.68932843,4.980372072561383e+20,636659940904580.0,58.81824699528199
Spain,Brazil,67537814.47264197,42088.24378963311,15333720973.34079,13409999.709344365,8298699654.963992,9379886.163980313,1.2724994495077736e+20,125784270732659.22,114.84910359658689
Spain,Canada,73736710.74936959,88875.0946061535,15333720973.34079,13409999.709344365,21831402497.170246,21647464.564676967,3.347566343483039e+20,290292493520360.56,126.66310667637013
Spain,China (mainland),131514498.12615073,159552.06153775606,15333720973.34079,13409999.709344365,77759127639.26492,106341819.28649531,1.19233676635088e+21,1426043765723053.0,102.36844087149414
Spain,France,2265470350.1319933,2037584.7034036084,15333720973.34079,13409999.709344365,51544634493.05953,55433892.192151785,7.90371042989412e+20,743368478184582.2,34.73718842521174
Spain,Germany,2033153350.932434,1403308.211875189,15333720973.34079,13409999.709344365,82866679359.00713,85265665.52379914,1.2706545392783138e+21,1143412549891200.2,46.98445038987268
Spain,India,158554075.44593987,208845.90999736055,15333720973.34079,13409999.709344365,31245526612.397964,36080361.29465354,4.7911018673960446e+20,483837634474343.7,117.31049149269622
Spain,Indonesia,3744967.147766113,1881.860040000081,15333720973.34079,13409999.709344365,38517934065.54635,59878521.730703816,5.906232534306258e+20,802970959004708.4,141.5583211304492
Spain,Iran,3893779.955611413,2162.044554269472,15333720973.34079,13409999.709344365,7489451633.987148,10946534.846878693,1.1484116159889018e+20,146793029114971.22,170.5817177280296
Spain,Italy,2737127399.6040664,2149048.9506966085,15333720973.34079,13409999.709344365,85028215439.92317,115714020.75218745,1.3037989304168892e+21,1551724984653901.2,47.6970934025635
Spain,Japan,4263402.243877351,2277.64991734614,15333720973.34079,13409999.709344365,29543652475.693275,33028302.14139705,4.530141235956295e+20,442909522116272.3,128.6809752660878
Spain,Malaysia,916870840.3272609,479652.7084261363,15333720973.34079,13409999.709344365,16986894723.92083,19522853.46143032,2.6047230390011684e+20,261801459243353.2,110.3169810623011
Spain,Mexico,212685010.3423673,200083.48267737107,15333720973.34079,13409999.709344365,55197296936.53189,71488192.66756846,8.463799497074184e+20,958656642893647.0,109.7705406388473
Spain,Russia,11339054.823755264,5619.675825883717,15333720973.34079,13409999.709344365,7505180857.672238,8804172.188609717,1.1508234912600462e+20,118063946490274.05,111.78860582307676
Spain,South Africa,50237671.86574579,43530.61556183135,15333720973.34079,13409999.709344365,3491987766.0907483,3966841.6543924217,5.354516604755516e+19,53195345432417.49,108.57420037621064
Spain,South Korea,17387893.501692776,13275.791037440262,15333720973.34079,13409999.709344365,45189048533.220924,62036767.3909452,6.929162612591645e+20,831913032681239.0,118.2672936322328
Spain,Sweden,129181911.97698376,138865.39619595846,15333720973.34079,13409999.709344365,8710318987.062227,7368504.891323383,1.3356160093640458e+20,98811648450949.1,81.23235892094554
Spain,Ukraine,6388471.404296875,7325.623417434985,15333720973.34079,13409999.709344365,2669614115.0918794,2993415.9970440585,4.0935117947310965e+19,40141707650307.59,107.31474688445842
Spain,United Kingdom,511560779.6079014,312935.31947195623,15333720973.34079,13409999.709344365,14216521519.3457,15103076.82513566,2.1799217418914185e+20,202532255835274.8,56.91903298596589
Spain,United States,401395362.0,273724.4034147401,15333720973.34079,13409999.709344365,120595761242.0,180354448.0683238,1.8491817534524537e+21,2418553096175185.0,101.06826912915125
Sweden,Austria,355443687.28107285,210490.9147842145,22746705476.70476,15336006.323103448,15364702118.217093,15875548.654514426,3.49496353820386e+20,243467514548369.7,80.3616522951149
Sweden,Belgium,229598335.59030923,149677.60450342766,22746705476.70476,15336006.323103448,32479866310.468662,47476506.68932843,7.38809952886976e+20,728100006786403.9,56.29784763113799
Sweden,Brazil,249188125.59375772,158491.90258897332,22746705476.70476,15336006.323103448,8298699654.963992,9379886.163980313,1.8876807689109737e+20,143849993520792.6,142.76701304902383
Sweden,Canada,106931495.54988527,94336.493748447,22746705476.70476,15336006.323103448,21831402497.170246,21647464.564676967,4.965924827465284e+20,331985653443043.75,124.404329323192
Sweden,China (mainland),1021891419.8374614,502732.301796102,22746705476.70476,15336006.323103448,77759127639.26492,106341819.28649531,1.768763974535852e+21,1630858812988016.2,102.41763064915177
Sweden,France,670931400.26855,390698.42523893714,22746705476.70476,15336006.323103448,51544634493.05953,55433892.192151785,1.1724706197180225e+21,850134521173074.5,65.39102963014192
Sweden,Germany,6033695525.366821,3749247.9811195177,22746705476.70476,15336006.323103448,82866679359.00713,85265665.52379914,1.884943949211865e+21,1307634785616607.0,50.27363002585007
Sweden,India,82801917.8438549,39314.58767991327,22746705476.70476,15336006.323103448,31245526612.397964,36080361.29465354,7.107327913167572e+20,553328648954663.6,128.55597291311122
Sweden,Indonesia,32909971.468771342,17159.08880567923,22746705476.70476,15336006.323103448,38517934065.54635,59878521.730703816,8.76156101760116e+20,918297387880160.8,165.76569432922784
Sweden,Iran,192048.0074374676,176.1870008240225,22746705476.70476,15336006.323103448,7489451633.987148,10946534.846878693,1.703603505003309e+20,167876127627803.84,195.28905833772285
Sweden,Italy,2522516796.221627,1647457.3945076808,22746705476.70476,15336006.323103448,85028215439.92317,115714020.75218745,1.934111773821733e+21,1774590953927269.8,76.45262813319437
Sweden,Japan,666042717.8044769,354630.05816226103,22746705476.70476,15336006.323103448,29543652475.693275,33028302.14139705,6.720207615707145e+20,506522250481836.3,127.51207735359667
Sweden,Malaysia,27819342.28640557,15194.175619070573,22746705476.70476,15336006.323103448,16986894723.92083,19522853.46143032,3.863958912488172e+20,299402604129517.4,107.7165548167958
Sweden,Mexico,184857775.43776304,137256.67500315263,22746705476.70476,15336006.323103448,55197296936.53189,71488192.66756846,1.255556656525509e+21,1096343374777067.4,171.3358957413098
Sweden,Russia,90421509.86282672,58318.28936516714,22746705476.70476,15336006.323103448,7505180857.672238,8804172.188609717,1.7071813851887285e+20,135020840354210.14,102.02980583151083
Sweden,South Africa,13705263.191369535,8220.858346044848,22746705476.70476,15336006.323103448,3491987766.0907483,3966841.6543924217,7.943121724352245e+19,60835508694512.31,123.83962585327285
Sweden,South Korea,714854183.354368,390842.1368021569,22746705476.70476,15336006.323103448,45189048533.220924,62036767.3909452,1.0279019777576936e+21,951396256972433.2,120.30420108899048
Sweden,Spain,1016410170.3149894,851180.5732725498,22746705476.70476,15336006.323103448,30411831383.82331,41310141.89855985,6.917689714950355e+20,633532597364614.5,81.23235892094554
Sweden,Ukraine,1870650.8190144305,1857.658100557716,22746705476.70476,15336006.323103448,2669614115.0918794,2993415.9970440585,6.0724926012448784e+19,45907046658346.69,125.34096132146942
Sweden,United Kingdom,822793599.9697448,679373.1995021736,22746705476.70476,15336006.323103448,14216521519.3457,15103076.82513566,3.233790279037919e+20,231620881688597.6,61.582959013925965
Sweden,United States,2337823684.0,1514987.1150161584,22746705476.70476,15336006.323103448,120595761242.0,180354448.0683238,2.7431562627107814e+21,2765916955975646.0,101.58098437613293
Ukraine,Austria,120261645.59636308,134171.77247804048,56285873423.93822,114474448.75268944,15364702118.217093,15875548.654514426,8.648156786224827e+20,1817344680872039.5,99.76237723750538
Ukraine,Belgium,94420655.87207033,147244.70594358444,56285873423.93822,114474448.75268944,32479866310.468662,47476506.68932843,1.8281576439774744e+21,5434846931964245.0,113.07297721137111
Ukraine,Brazil,113845286.0,197937.2134656848,56285873423.93822,114474448.75268944,8298699654.963992,9379886.163980313,4.67099558362583e+20,1073757297984625.0,179.1691597425168
Ukraine,Canada,100966578.29933548,190800.302,56285873423.93822,114474448.75268944,21831402497.170246,21647464.564676967,1.228799557622773e+21,2478081572934774.0,174.29230004604216
Ukraine,China (mainland),694834503.2979507,1859107.5022025905,56285873423.93822,114474448.75268944,77759127639.26492,106341819.28649531,4.376740415859521e+21,1.2173421142179668e+16,112.2609428755019
Ukraine,France,201949367.6673737,331534.14990464883,56285873423.93822,114474448.75268944,51544634493.05953,55433892.192151785,2.9012347727595087e+21,6345764250912591.0,106.06316487892012
Ukraine,Germany,893426366.3857425,974267.2649827418,56285873423.93822,114474448.75268944,82866679359.00713,85265665.52379914,4.6642234254631486e+21,9760740058368102.0,79.45123558277642
Ukraine,India,170419693.91349134,355556.61013557063,56285873423.93822,114474448.75268944,31245526612.397964,36080361.29465354,1.758681755969725e+21,4130279470003337.0,109.48764336711984
Ukraine,Indonesia,865918144.998047,1946063.447,56285873423.93822,114474448.75268944,38517934065.54635,59878521.730703816,2.16801556136494e+21,6854560767248255.0,147.11628142720545
Ukraine,Iran,5369648.907104492,7027.638,56285873423.93822,114474448.75268944,7489451633.987148,10946534.846878693,4.215503266853079e+20,1253098542348544.0,161.5321548298858
Ukraine,Italy,11762150950.627205,24361205.38844447,56285873423.93822,114474448.75268944,85028215439.92317,115714020.75218745,4.785887371714865e+21,1.3246298738563922e+16,78.58041551554511
Ukraine,Japan,62553462.81933594,61834.614,56285873423.93822,114474448.75268944,29543652475.693275,33028302.14139705,1.662890283727691e+21,3780896680873700.0,180.87032723193934
Ukraine,Malaysia,112862419.78311165,215959.667,56285873423.93822,114474448.75268944,16986894723.92083,19522853.46143032,9.561222062963718e+20,2234867888076770.5,113.02689960330126
Ukraine,Mexico,441759767.2745325,1086507.7217,56285873423.93822,114474448.75268944,55197296936.53189,71488192.66756846,3.1068280687131665e+21,8183571447945954.0,238.4991255987893
Ukraine,Russia,1694458231.4059572,3030769.4720504894,56285873423.93822,114474448.75268944,7505180857.672238,8804172.188609717,4.224356597787037e+20,1007852758014856.8,48.78234643744511
Ukraine,South Africa,15525780.25,30773.911,56285873423.93822,114474448.75268944,3491987766.0907483,3966841.6543924217,1.9654958140012465e+20,454102011675779.1,218.01623606117153
Ukraine,South Korea,266630045.0,366618.8744284288,56285873423.93822,114474448.75268944,45189048533.220924,62036767.3909452,2.543505065889074e+21,7101624749477271.0,150.1931285341923
Ukraine,Spain,521669080.2432748,841425.1218397653,56285873423.93822,114474448.75268944,30411831383.82331,41310141.89855985,1.7117564918600308e+21,4728955721733019.0,107.31474688445842
Ukraine,Sweden,1347482.9190268517,1483.3933525083808,56285873423.93822,114474448.75268944,8710318987.062227,7368504.891323383,4.902679119879103e+20,843505535565740.0,125.34096132146942
Ukraine,United Kingdom,1174203235.263306,2197787.2473997297,56285873423.93822,114474448.75268944,14216521519.3457,15103076.82513566,8.001893307665859e+20,1728916394026923.5,114.6172379492169
Ukraine,United States,4788903277.0,11655635.659826947,56285873423.93822,114474448.75268944,120595761242.0,180354448.0683238,6.787837752730686e+21,2.064597602271692e+16,136.70230418027901
United Kingdom,Austria,90955631.93949234,90911.22609507,15378614773.743725,19071449.41843603,15364702118.217093,15875548.654514426,2.362878349893849e+20,302769723154492.06,80.10878346253536
United Kingdom,Belgium,222764355.87617016,323014.11046036874,15378614773.743725,19071449.41843603,32479866310.468662,47476506.68932843,4.994953518913944e+20,905445795889567.2,48.394703787647785
United Kingdom,Brazil,17909579.90777584,29008.35900414096,15378614773.743725,19071449.41843603,8298699654.963992,9379886.163980313,1.276225051166912e+20,178888024527038.5,113.30894189054389
United Kingdom,Canada,123443701.42832948,76062.87178931572,15378614773.743725,19071449.41843603,21831402497.170246,21647464.564676967,3.35736728974528e+20,412848525482623.1,71.32163865653314
United Kingdom,China (mainland),122852477.79565436,67004.35712638003,15378614773.743725,19071449.41843603,77759127639.26492,106341819.28649531,1.1958276691066235e+21,2028092627586860.8,82.39578828913855
United Kingdom,France,2383458742.263182,3651811.311161468,15378614773.743725,19071449.41843603,51544634493.05953,55433892.192151785,7.926850775221857e+20,1057204671009658.8,47.032731588029534
United Kingdom,Germany,1437757619.889205,1140307.7627886585,15378614773.743725,19071449.41843603,82866679359.00713,85265665.52379914,1.274374739441511e+21,1626139827166420.2,43.39257035723259
United Kingdom,India,103970163.87677,57314.29166127697,15378614773.743725,19071449.41843603,31245526612.397964,36080361.29465354,4.805129171748261e+20,688104785429882.2,94.63932820164543
United Kingdom,Indonesia,542820.0216064464,300.68274182517,15378614773.743725,19071449.41843603,38517934065.54635,59878521.730703816,5.923524698744978e+20,1141970198437840.5,144.23426717705118
United Kingdom,Iran,370842.92578125,215.0545426104643,15378614773.743725,19071449.41843603,7489451633.987148,10946534.846878693,1.1517739154567384e+20,208766285639394.4,213.17715149907568
United Kingdom,Italy,602579847.1090752,569422.0348385327,15378614773.743725,19071449.41843603,85028215439.92317,115714020.75218745,1.3076161701494669e+21,2206834093779200.0,61.5465801400809
United Kingdom,Japan,8451973.466308594,4311.1864081005415,15378614773.743725,19071449.41843603,29543652475.693275,33028302.14139705,4.54340450433047e+20,629897593666476.4,100.48589727813821
United Kingdom,Malaysia,27201237.84387208,14092.305635968863,15378614773.743725,19071449.41843603,16986894723.92083,19522853.46143032,2.612349101613182e+20,372329112293207.1,81.9292637915306
United Kingdom,Mexico,79056498.25292972,74708.88104318651,15378614773.743725,19071449.41843603,55197296936.53189,71488192.66756846,8.488579661388686e+20,1363383450474941.5,127.75064199367311
United Kingdom,Russia,6446192.256469728,3762.020540702557,15378614773.743725,19071449.41843603,7505180857.672238,8804172.188609717,1.1541928521741687e+20,167908324566271.47,91.28993139928227
United Kingdom,South Africa,55081614.41479492,42768.17890396783,15378614773.743725,19071449.41843603,3491987766.0907483,3966841.6543924217,5.370193464933553e+19,75653419962690.17,86.5875129431903
United Kingdom,South Korea,72064994.73577884,49533.88087467064,15378614773.743725,19071449.41843603,45189048533.220924,62036767.3909452,6.949449693844135e+20,1183131071379693.2,98.91207227863265
United Kingdom,Spain,1082267444.479452,995894.4883657484,15378614773.743725,19071449.41843603,30411831383.82331,41310141.89855985,4.6769183941586826e+20,787844281686799.2,56.91903298596589
United Kingdom,Sweden,1647547406.2339306,859012.1056938702,15378614773.743725,19071449.41843603,8710318987.062227,7368504.891323383,1.3395264025845563e+20,140528068324372.4,61.582959013925965
United Kingdom,Ukraine,348021.6596679688,236.326,15378614773.743725,19071449.41843603,2669614115.0918794,2993415.9970440585,4.105496707054676e+19,57088781775963.02,114.6172379492169
United Kingdom,United States,968412087.0,1007502.1799872788,15378614773.743725,19071449.41843603,120595761242.0,180354448.0683238,1.854595755487092e+21,3439620733724985.0,69.0960477881604
United States,Austria,409796543.0,1028152.532,36843845491.0,36596235.65541105,15364702118.217093,15875548.654514426,5.66094710858831e+20,580985319719553.8,102.85739546661415
United States,Belgium,280190298.0,198468.88065221644,36843845491.0,36596235.65541105,32479866310.468662,47476506.68932843,1.1966831759112436e+21,1737461426898362.5,74.01011263678184
United States,Brazil,56198620.0,60142.071,36843845491.0,36596235.65541105,8298699654.963992,9379886.163980313,3.0575600786370835e+20,343268524477953.1,87.11424624192192
United States,Canada,14915778836.0,12699837.196770476,36843845491.0,36596235.65541105,21831402497.170246,21647464.564676967,8.043528204575721e+20,792215714551078.5,29.786348476751247
United States,China (mainland),349320142.0,748966.1967665137,36843845491.0,36596235.65541105,77759127639.26492,106341819.28649531,2.864945284256024e+21,3891710278633718.5,71.75468629544517
United States,France,94935431.0,189709.6787331017,36843845491.0,36596235.65541105,51544634493.05953,55433892.192151785,1.8991025491523543e+21,2028671781960636.8,81.12448420284983
United States,Germany,248208259.0,150779.55540204232,36843845491.0,36596235.65541105,82866679359.00713,85265665.52379914,3.0531271306554974e+21,3120402388824410.5,70.04615610557092
United States,India,456913258.0,433110.2764537954,36843845491.0,36596235.65541105,31245526612.397964,36080361.29465354,1.1512053547921192e+21,1320405404471512.8,92.83762339982371
United States,Indonesia,11259507.0,12467.851012052282,36843845491.0,36596235.65541105,38517934065.54635,59878521.730703816,1.419148811343515e+21,2191328491954488.0,117.75953029845164
United States,Italy,341453753.0,247605.9343750141,36843845491.0,36596235.65541105,85028215439.92317,115714020.75218745,3.13276643204399e+21,4234697572082176.0,87.74437487739273
United States,Japan,66092048.0,36694.10457029136,36843845491.0,36596235.65541105,29543652475.693275,33028302.14139705,1.0885017670542426e+21,1208711528464684.0,77.070894615151
United States,Malaysia,58958804.0,31607.386,36843845491.0,36596235.65541105,16986894723.92083,19522853.46143032,6.258625245800222e+20,714462945940561.2,66.65978299115417
United States,Mexico,16983690878.0,17032919.932803143,36843845491.0,36596235.65541105,55197296936.53189,71488192.66756846,2.0336806798504289e+21,2616198745441763.5,31.77220122882001
United States,Russia,11858333.0,7364.1829218206385,36843845491.0,36596235.65541105,7505180857.672238,8804172.188609717,2.765197239020868e+20,322199560165177.25,120.95583354108422
United States,South Africa,10451067.0,8358.978000000001,36843845491.0,36596235.65541105,3491987766.0907483,3966841.6543924217,1.286582577103098e+20,145171471991845.7,106.46441278359679
United States,South Korea,325874481.0,203420.91109544775,36843845491.0,36596235.65541105,45189048533.220924,62036767.3909452,1.6649383220432918e+21,2270312158738950.0,72.56416747562122
United States,Spain,242898769.0,485915.1969401239,36843845491.0,36596235.65541105,30411831383.82331,41310141.89855985,1.1204888166039308e+21,1511795687878166.0,101.06826912915125
United States,Sweden,23475971.0,14314.085168416615,36843845491.0,36596235.65541105,8710318987.062227,7368504.891323383,3.209216469366443e+20,269659541430919.5,101.58098437613293
United States,Ukraine,2290100.0,1960.987,36843845491.0,36596235.65541105,2669614115.0918794,2993415.9970440585,9.83588499770379e+19,109547757242501.6,136.70230418027901
United States,United Kingdom,52741694.0,144153.3812267955,36843845491.0,36596235.65541105,14216521519.3457,15103076.82513566,5.237913222782495e+20,552715758614441.94,69.0960477881604
