Country,Nominal Value (SUM)_exporter,Tons (SUM)_exporter,Price_exporter,Nominal Value (SUM)_importer,Tons (SUM)_importer,Price_importer,Throughput,Ton (SUM)_difference,Ton (SUM)_difference_ratio,Ton (SUM)_exporter_ratio,Nominal Value (SUM)_difference,Nominal Value (SUM)_difference_ratio,Nominal Value (SUM)_exporter_ratio,Price_difference,Price_difference_ratio,Price_exporter_ratio
Afghanistan,73335.17150878906,87.8909996185303,834.3877282893891,253252429.33569527,469807.16111863736,539.0561283329248,253325764.5072041,-469719.27011901885,-0.9996259122149838,0.00018707888447093245,-253179094.16418648,-0.9994210208215383,0.00028957341772062784,295.3315999564643,0.21502997631280543,1.547867994506994
Albania,119790385.62968706,238171.6741476863,502.9581542740764,196326798.29751948,298978.0244556886,656.659627927326,316117183.9272065,-60806.35030800229,-0.11320186991839122,0.7966193320773167,-76536412.66783242,-0.24211405314004297,0.6101580969509478,-153.70147365324965,-0.1325449436981424,0.7659343332277158
Algeria,1045510858.4824286,1744894.8429472772,599.1827316748045,5220645857.038578,10171552.530019974,513.2594893090844,6266156715.521007,-8426657.687072698,-0.7071451266749833,0.1715465596621021,-4175134998.5561495,-0.6662991667946184,0.20026465826500187,85.92324236572006,0.07723838662804983,1.16740702150755
Andorra,221706.0103149414,276.9250000391006,800.5994774167644,657757.9840488436,635.0151176945247,1035.8146849115794,879463.994363785,-358.09011765542414,-0.39266845562772035,0.4360919800531677,-436051.9737339022,-0.4958156064698789,0.33706319906635757,-235.215207494815,-0.12808396510980477,0.7729176744439632
Angola,20940737.71484375,51274.147,408.4073346913748,511806292.9340868,713887.596305112,716.9284010298777,532747030.64893055,-662613.449305112,-0.8659782785832402,0.07182383790582864,-490865555.21924305,-0.9213858116136803,0.040915358024995234,-308.5210663385029,-0.2741591300668728,0.5696626526507974
Anguilla,538916.6552734375,617.982,872.058822544083,88324.712890625,78.013,1132.1794174128029,627241.3681640625,539.9689999999999,0.7758231021774581,7.9215258995295645,450591.9423828125,0.7183708939697274,6.1015387159060825,-260.1205948687199,-0.12978526688240188,0.7702479034081596
Antigua and Barbuda,13537.6923828125,20.77525,651.6259675725923,456325.1731567383,510.480465683896,893.913095274654,469862.8655395508,-489.705215683896,-0.9217881355939648,0.04069744367625739,-442787.4807739258,-0.9423759850982607,0.029666766549744084,-242.28712770206164,-0.15676545066140984,0.7289589681784233
"Areas, nes., Spec Cat, Islands, Other",1801261994.6324902,1640342.77353069,1098.100972368986,974236874.0739684,1304883.265195312,746.6084515446266,2775498868.7064586,335459.508335378,0.11389941007057158,1.2570800908272566,827025120.5585217,0.2979735030279306,1.8488953175218559,351.4925208243594,0.1905408604020986,1.4707856174105334
Argentina,541265284.6722896,836295.8617027795,647.2174614976822,2930588627.0230374,4209974.875455797,696.1059658831704,3471853911.695327,-3373679.0137530174,-0.6685489521817944,0.19864628327793457,-2389323342.350748,-0.6881981221335512,0.18469507445748876,-48.888504385488204,-0.036393695955119806,0.9297685887184405
Armenia,25466267.09416008,47939.5405764928,531.2163359914945,65847507.32317066,80528.53880419434,817.6915699821562,91313774.41733074,-32588.998227701537,-0.25367389615229746,0.5953111938744859,-40381240.22901058,-0.4422250694014297,0.38674610671555243,-286.47523399066176,-0.21237568014984837,0.6496536781014959
Australia,2890004970.839672,3498760.665633012,826.0081917654686,2671425317.842404,3047287.7935872665,876.6567186283389,5561430288.682076,451472.8720457456,0.06896876411139828,1.1481556395808195,218579652.9972682,0.03930277674110095,1.081821360132128,-50.64852686287031,-0.02974662046165964,0.9422253593834111
Austria,17559883722.7292,18364187.64016673,956.202586621456,11913271083.07722,13897332.42984248,857.2343752456566,29473154805.80642,4466855.21032425,0.13845767963291677,1.3214181738023576,5646612639.651978,0.1915849415122522,1.4739766769575973,98.96821137579946,0.054574938890570475,1.1154505864833504
Azerbaijan,272123920.6827009,546255.9791762895,498.16190770678986,540400733.4364724,855684.6251304434,631.5419461394342,812524654.1191733,-309428.64595415385,-0.2207145188630641,0.6383847075586013,-268276812.75377154,-0.3301768277352767,0.5035594954733547,-133.38003843264437,-0.11806637463308162,0.7888025660876749
Bahamas,123243.42395019533,145.54538281846047,846.769726140454,21475541.450811382,17929.9597425173,1197.746216902342,21598784.874761578,-17784.41435969884,-0.9838958433737538,0.00811744058037837,-21352298.026861187,-0.98858792986135,0.005738780753559952,-350.97649076188793,-0.17166727995260306,0.7069692345431932
Bahrain,723609136.8842344,1502595.7275881905,481.572736830349,268938820.2368541,341518.5684020842,787.479349937486,992547957.1210884,1161077.1591861062,0.6296123628078144,4.399748261474092,454670316.64738035,0.4580839780942813,2.6906087274680273,-305.90661310713693,-0.2410512667657751,0.6115369715644972
Bangladesh,115893548.89615633,167673.45948985798,691.1860067106585,7640945093.57386,14743286.629166665,518.2660614125055,7756838642.470016,-14575613.169676807,-0.9775100384558852,0.011372868459204296,-7525051544.677704,-0.9701183551088405,0.015167436420086881,172.91994529815304,0.1429737894172949,1.3336509144103885
Barbados,2751.818359375,5.141,535.2690837142579,2045322.8669738767,2105.636704718326,971.3560095104264,2048074.685333252,-2100.495704718326,-0.9951288096434711,0.0024415417856651195,-2042571.0486145017,-0.9973127753796466,0.0013454200330955117,-436.08692579616843,-0.2894462117730933,0.5510534535983765
Belarus,1428493001.6800897,3137714.1879381565,455.2654945984024,2841880911.998239,4782720.516203333,594.1975706860266,4270373913.678329,-1645006.3282651762,-0.20769141969001076,0.6560521730901743,-1413387910.3181493,-0.3309752117469062,0.5026575869696313,-138.93207608762413,-0.1323839596488994,0.7661853852293252
Belgium,49816953389.91828,52612921.12970709,946.8577741027552,30950102208.22697,46638746.743705615,663.613505275075,80767055598.14525,5974174.386001475,0.060192181290303765,1.1280946595505967,18866851181.69131,0.23359587695709652,1.6095893013457072,283.24426882768023,0.17587663465635062,1.426821133952469
Belize,10418629.330566406,18320.085,568.699835757662,12556774.16156745,15040.412931211087,834.8689772679232,22975403.492133856,3279.672068788912,0.09831004547808468,1.2180573155663237,-2138144.8310010433,-0.09306234085216762,0.8297218056572787,-266.1691415102613,-0.18963740077445662,0.6811845346304642
Benin,4.94950008392334,0.004,1237.375020980835,107893817.0187888,148267.60690050916,727.6964893025349,107893821.96828888,-148267.60290050917,-0.9999999460435093,2.697824618349771e-08,-107893812.06928872,-0.9999999082523913,4.587380649496742e-08,509.67853167830003,0.25936894866731985,1.700399877106463
Bhutan,1299123444.0487928,1266833.9559611224,1025.4883348648268,311582164.6920407,836756.6889770551,372.3688962354798,1610705608.7408335,430077.2669840673,0.20444912512753013,1.5139812715567793,987541279.3567522,0.6131109707432887,4.169440973403632,653.1194386293471,0.46722900171661447,2.7539580916455635
Bolivia,1351.307464599614,1.300169192433352,1039.3320134516905,430905058.9474635,590414.926067253,729.8342909751912,430906410.2549281,-590413.6258980605,-0.9999955957538608,2.2021279189091034e-06,-430903707.6399989,-0.9999937280697969,3.1359749358718183e-06,309.49772247649935,0.1749398695318022,1.4240657452021803
Bosnia and Herzegovina,285587881.1901634,607576.5967662182,470.0442425040462,352908663.84660816,389569.81473887886,905.8932455615331,638496545.0367715,218006.78202733933,0.2186306639746905,1.559609019434591,-67320782.65644479,-0.10543640866931822,0.8092402098529783,-435.8490030574869,-0.3167651196641527,0.5188737688541671
Botswana,3477470.70419109,9831.639159583432,353.7020274794576,268928369.2646611,253565.9937232654,1060.5853147570006,272405839.96885216,-243734.35456368196,-0.925347551137969,0.038773492514589315,-265450898.56046999,-0.9744684570302258,0.012930843680418108,-706.8832872775429,-0.49981589042558033,0.33349700637755597
Brazil,55685153948.78784,109916461.45070644,506.61341544151344,6933107349.711254,8619142.561197553,804.3848097980597,62618261298.4991,101297318.88950889,0.8545729338784663,12.752598146541683,48752046599.076584,0.7785595701336588,8.031774374747997,-297.77139435654624,-0.22713333139877534,0.6298147469601004
British Virgin Islands,2364171.045898437,3325.434,710.9360901158879,28455623.61325073,60658.954000251535,469.1083795004565,30819794.659149166,-57333.520000251534,-0.8960548313758372,0.05482181575346998,-26091452.56735229,-0.8465809995137907,0.08308273535068585,241.82771061543133,0.20493101475578648,1.5155049902816669
Brunei Darussalam,130558.31204223631,162.94107458291043,801.260899846364,51001722.44290209,78306.61476814483,651.3079717966509,51132280.75494432,-78143.67369356193,-0.9958470244202865,0.002080808563431795,-50871164.13085985,-0.9948933116178428,0.0025598804469476526,149.95292804971314,0.10323292132792293,1.2302335216872349
Bulgaria,155428546.23123577,209382.4868841382,742.3187514113449,4222061002.959699,7177549.35107747,588.2315532008007,4377489549.190935,-6968166.864193331,-0.9433100260088723,0.029171863075062855,-4066632456.728463,-0.9289873593142156,0.03681342977334508,154.08719821054422,0.11580711956280412,1.2619499028436927
Burkina Faso,37889.94140625,160.0,236.8121337890625,45864050.94550514,62288.795198569285,736.3130206531687,45901940.88691139,-62128.795198569285,-0.9948758018632307,0.002568680281741507,-45826161.00409889,-0.9983490919697884,0.0008261359523446841,-499.5008868641062,-0.5132956275808187,0.3216188321360814
Cambodia,8351344.616760254,13580.101999978066,614.9692113338871,167094862.0460514,178087.571912062,938.27357098541,175446206.66281167,-164507.46991208394,-0.8582953325117283,0.07625519206182335,-158743517.42929116,-0.9047988010044512,0.04997966134026682,-323.3043596515229,-0.2081479877658056,0.6554263387042049
Cameroon,337955.1786804199,427.771,790.037610498187,581204177.1931434,982461.7658955104,591.5794358301342,581542132.3718238,-982033.9948955105,-0.9991295644445436,0.000435407274714745,-580866222.014463,-0.9988377276215498,0.0005814741048705712,198.45817466805272,0.14364195577599442,1.335471726446282
Canada,19924829466.55693,25411829.09860441,784.076950511649,20662167269.96064,21020064.707664613,982.9735330180278,40586996736.51757,4391764.390939798,0.09458508001555695,1.2089320110103379,-737337803.4037094,-0.018166848071818537,0.9643145951840358,-198.89658250637876,-0.11255851734868581,0.7976582524091917
Cayman Islands,55026.0,47.43,1160.1518026565466,1701576.7084995508,1627.0582069996815,1045.7995302069016,1756602.7084995508,-1579.6282069996814,-0.9433498548371573,0.029150770264981234,-1646550.7084995508,-0.9373495216263193,0.03233824236376736,114.35227244964494,0.05183807582065253,1.1093443524754896
Chile,149203234.0361389,235131.481645863,634.5523491442008,2811070245.132493,4006659.510715528,701.5994839627584,2960273479.168632,-3771528.029069665,-0.8891357532375889,0.058685166787200274,-2661867011.096354,-0.8991963174442643,0.05307702085868955,-67.04713481855765,-0.05017927840030925,0.9044367386933304
China (mainland),140321506006.60947,192264761.8536446,729.8347583496591,67768441493.9519,100806787.07101849,672.2607025081452,208089947500.56137,91457974.78262612,0.31206705365363285,1.907260090713871,72553064512.65756,0.34866203477927177,2.070602524024884,57.57405584151388,0.041062864440264274,1.0856424533320335
Colombia,121010037.07766524,107860.96967853468,1121.907557834123,3988566545.114844,6174282.202548781,645.9967999953645,4109576582.192509,-6066421.232870246,-0.9656610915346925,0.017469394196787606,-3867556508.0371785,-0.9411082700821187,0.03033922982327501,475.9107578387585,0.26919485532749593,1.736707608833625
Congo,891273.0247476101,2562.267400000096,347.84543750101057,57307913.09088221,67431.14404847531,849.8730653254875,58199186.11562982,-64868.87664847521,-0.9267854688898463,0.03799827863157887,-56416640.0661346,-0.9693716326899543,0.015552355280049678,-502.0276278244769,-0.419153270689015,0.40929104791406873
"Congo, D.R.",494442.4754257202,622.4633554930496,794.3318607632336,159679014.3130666,164296.4403818768,971.895763182222,160173456.78849232,-163673.97702638374,-0.9924512794908663,0.0037886600223732674,-159184571.83764088,-0.993826162145222,0.003096477502399386,-177.5639024189884,-0.1005328531904288,0.8173014955455704
Costa Rica,199961437.64701188,219444.06154838583,911.21826781775,1984769156.551984,3079427.5267400346,644.5253669123084,2184730594.198996,-2859983.465191649,-0.8669581063249318,0.07126131712562019,-1784807718.904972,-0.8169463656727659,0.10074795700392303,266.69290090544155,0.17142470967057255,1.4137818534328173
Croatia,736427377.2202961,1126395.6773516631,653.7910185803935,743679849.8919603,844983.2361272952,880.1119573689699,1480107227.1122563,281412.44122436794,0.14274903687985074,1.333039081951649,-7252472.671664119,-0.004899964366645218,0.9902478564227366,-226.32093878857643,-0.14754579809619436,0.7428498307588659
Curacao,142.220397949219,0.246999997258186,575.7910912061988,1421993.1433448792,1335.854881903952,1064.4817506809998,1422135.3637428284,-1335.6078819066938,-0.9996302677204425,0.0001849003215874352,-1421850.92294693,-0.999799990350321,0.00010001482680477733,-488.690659474801,-0.29793254329111685,0.5409121300932005
Cyprus,24299928.146915376,22889.82289115512,1061.6040264909668,77888923.65483856,88231.65492767043,882.7775441669941,102188851.80175394,-65341.83203651531,-0.5880216256937278,0.25942869268313606,-53588995.507923186,-0.5244113674149669,0.3119818198361486,178.82648232397275,0.0919708790818561,1.202572532010561
Czech Republic,5847173140.990894,6595958.295967641,886.4781853708039,18654107635.80748,22168193.71835021,841.480721109277,24501280776.79837,-15572235.422382567,-0.5413764819011949,0.29754153088745755,-12806934494.816586,-0.5227046949702394,0.3134523106196169,44.99746426152683,0.026040818501400824,1.0534741475743012
Côte d'Ivoire,12996415.734630233,24312.307598392614,534.5611757351029,390610956.729904,589398.3181645757,662.7283191887816,403607372.4645342,-565086.0105661831,-0.9207694748052719,0.04124936710729461,-377614540.99527377,-0.9355987198386856,0.03327202043545561,-128.1671434536787,-0.10704774743039629,0.8066068104490196
Denmark,716626661.8965642,657220.0291386233,1090.3907825752078,7513943767.280065,10736163.399786867,699.8723368376853,8230570429.176629,-10078943.370648244,-0.8846312803850568,0.061215538984035055,-6797317105.3835,-0.8258622125737026,0.0953729072364315,390.5184457375225,0.21813466495673042,1.5579852569999373
Djibouti,77853.35988616943,83.76,929.4813739991574,1486097802.8216045,2118361.395769667,701.5317621390369,1486175656.181491,-2118277.635769667,-0.999920923135752,3.953999547351427e-05,-1486019949.4617183,-0.9998952299352202,5.2387776725294825e-05,227.9496118601205,0.13975951928863345,1.3249312777586584
Dominica,623696.537109375,800.3499965667718,779.2797398448431,39130491.22886992,68215.9618611994,573.6266140832205,39754187.7659793,-67415.61186463262,-0.9768069323027231,0.011732591240086339,-38506794.69176055,-0.9686223478753542,0.015938888511811487,205.65312576162262,0.15200839671166003,1.3585139195298686
Dominican Republic,968208.1434173584,886.0659999897482,1092.704317092136,2949617620.3636203,5521375.196808035,534.217928545922,2950585828.5070376,-5520489.130808045,-0.9996790930534356,0.00016047922273095883,-2948649412.220203,-0.9993437180277469,0.0003282486979780113,558.4863885462141,0.34327786103089575,2.0454280148671686
East Timor,50569.0,90.111,561.185648810911,26758049.922187805,34223.15626515787,781.869729222778,26808618.922187805,-34133.045265157874,-0.9947477458614676,0.0026330417715370335,-26707480.922187805,-0.9962274073016013,0.0018898611874577649,-220.68408041186706,-0.16431495232531762,0.7177482742153999
Ecuador,1905379.0136516087,1994.2480699619405,955.4373111104342,1140661179.364219,1480689.447023782,770.3581474541962,1142566558.3778706,-1478695.19895382,-0.997309948067061,0.001346837497876697,-1138755800.3505673,-0.996664738697837,0.0016704162884842173,185.07916365623794,0.1072428153277046,1.2402508031723547
Egypt,3444906722.0852103,4933929.424626958,698.2075391858025,13596944541.42966,29022558.918987334,468.4957167072602,17041851263.514872,-24088629.494360376,-0.7093969567936896,0.17000325293160312,-10152037819.34445,-0.5957121478391896,0.2533588860047666,229.71182247854227,0.19688967294662038,1.4903178711921454
El Salvador,112776349.165133,131514.0526025984,857.5231842783681,401019983.08441067,671251.5503859353,597.421313744221,513796332.24954367,-539737.4977833369,-0.672347564188106,0.19592364818671115,-288243633.91927767,-0.5610075740659078,0.2812237642067695,260.1018705341471,0.17877099153105208,1.435374273649545
Estonia,29071195.19197404,28146.85288989956,1032.8399876778474,677715856.0326427,654651.0413074165,1035.232227965548,706787051.2246168,-626504.188417517,-0.917554365269423,0.04299520067009582,-648644660.8406687,-0.9177370464226707,0.04289584629487229,-2.392240287700588,-0.0011567489131206867,0.9976891752178139
Ethiopia,13321.737339973455,12.48178353067181,1067.2943740161495,1033162163.3982208,1839992.491693389,561.5034670317469,1033175485.1355608,-1839980.0099098582,-0.99998643288066,6.78360568699089e-06,-1033148841.6608808,-0.9999742120529733,1.2894139770039896e-05,505.79090698440257,0.310530192414179,1.9007796686601859
Falkland Islands,16750.0,11.34,1477.0723104056435,27607.61230468751,27.315,1010.7125134427058,44357.61230468752,-15.975000000000001,-0.4132712456344587,0.415156507413509,-10857.612304687511,-0.24477449845829793,0.606716720560293,466.3597969629377,0.18745986087395078,1.461416862619436
Finland,3670986137.6915584,3245306.9853102323,1131.1676073505982,1977706876.6126297,1861160.1945605385,1062.6204463176855,5648693014.304188,1384146.7907496938,0.27105761028013153,1.7437010499123218,1693279261.0789287,0.2997647874988138,1.856183128603536,68.54716103291275,0.03124602712568038,1.0645076624211873
France,38343284238.30854,49024916.13082205,782.1183035987298,44811313675.508095,51567510.90701562,868.9834527074611,83154597913.81664,-2542594.776193574,-0.025276204691205843,0.9506938626380809,-6468029437.199554,-0.07778318456789571,0.855660793967424,-86.86514910873132,-0.05261041530418097,0.9000382011440049
Gabon,240257887.397768,236812.7541750912,1014.5479209288262,47605798.890220165,52446.32510121219,907.7051404144968,287863686.2879882,184366.429073879,0.6373747352551384,4.515335511460225,192652088.50754783,0.6692476254709405,5.046819778233467,106.84278051432943,0.055582057671254154,1.1177064839200321
Georgia,2753639688.186232,2916466.9052382857,944.169701785541,232604726.5575332,366441.1091185176,634.767008311565,2986244414.7437654,2550025.796119768,0.7767582231874921,7.958896621216743,2521034961.628699,0.8442158817214619,11.838279165428473,309.402693473976,0.19595636195889543,1.4874271810328725
Germany,76190266089.05896,81596523.8928566,933.7440181778268,67003965651.3297,76149978.23079124,879.8947446610911,143194231740.38867,5446545.662065357,0.03452720401873725,1.0715239293379475,9186300437.729263,0.06415272686670814,1.1371008469190056,53.84927351673571,0.029691289478421035,1.0611996762606837
Ghana,12972945.129673004,16202.3031511441,800.6852487979118,984727323.7101012,1300339.381083593,757.2848581187418,997700268.8397744,-1284137.0779324488,-0.9753865702162525,0.012460057264160123,-971754378.5804282,-0.9739943036303694,0.01317414965271358,43.40039067916996,0.027857011175306038,1.0573105222082293
Gibraltar,975.192916870118,3.339000076055526,292.0613640782382,237304.08321177965,368.863116332676,643.3391486010115,238279.27612864977,-365.52411625662046,-0.9820581349280194,0.009052138661226559,-236328.89029490954,-0.991814706400706,0.004109465390023722,-351.2777845227733,-0.37553730168119653,0.4539772913141494
Greece,1033417456.0649804,1635710.5136971923,631.7850545138024,2992142429.396313,3937057.547070283,759.9945882484959,4025559885.4612937,-2301347.0333730904,-0.41296300299570543,0.41546522857263996,-1958724973.3313327,-0.4865720617908234,0.34537709365442204,-128.20953373469354,-0.09211913279621838,0.8313020438340637
Grenada,105153.435546875,124.153,846.9665295794301,706729.9539794922,632.6938663254593,1117.0172362884082,811883.3895263672,-508.5408663254593,-0.6719204226800307,0.19622918224425362,-601576.5184326172,-0.7409641904160179,0.14878870628699337,-270.05070670897805,-0.13750149639839257,0.7582394452512706
Guatemala,83880078.83976173,84866.65556967858,988.3749780959988,2228337540.9767456,3721486.9266636265,598.7761303180196,2312217619.816508,-3636620.271093948,-0.9554078969616455,0.022804501867688384,-2144457462.1369839,-0.9274462073804123,0.037642447473642,389.59884777797924,0.24547054512490057,1.6506586152174387
Guinea,3104.033203125,3.5,886.8666294642857,101637908.70327188,132824.0189402145,765.2072984557121,101641012.736475,-132820.5189402145,-0.9999473000771538,2.635065576185725e-05,-101634804.67006876,-0.9999389216396107,3.054011286465083e-05,121.65933100857353,0.07364036739066855,1.158988722734477
Guyana,5923.29736328125,5.00899982452393,1182.530958432249,18079334.17510605,22351.25822895561,808.873218228253,18085257.47246933,-22346.249229131085,-0.9995518930085004,0.00022410370696871422,-18073410.877742767,-0.9993449584699252,0.00032762807003353073,373.657740203996,0.18763531009089465,1.4619484633481274
Honduras,303941258.76422524,363136.1282392327,836.98986448407,480192043.294285,808123.9348134818,594.2059412027132,784133302.0585103,-444987.80657424906,-0.3799222910533249,0.4493569768145105,-176250784.53005975,-0.22477145667371273,0.6329577155820454,242.7839232813568,0.1696371120685704,1.4085854860184428
Hong Kong SAR,395562642.8442376,472779.3822806517,836.6749009571305,2718045500.049441,3537052.3609569143,768.4493252212135,3113608142.8936787,-3064272.9786762623,-0.7641899149120274,0.1336647960034004,-2322482857.205203,-0.7459136637042478,0.14553201660422624,68.225575735917,0.042504857021786996,1.0887834415317847
Hungary,3959656242.34957,5148256.492254898,769.1256735763899,7179512306.225611,8507299.929663632,843.9237320400292,11139168548.57518,-3359043.437408734,-0.24598363725531788,0.6051575158768916,-3219856063.876041,-0.2890571275436797,0.5515216178285551,-74.79805846363934,-0.04637059361182779,0.9113686988244437
Iceland,499035154.61613846,448221.6691332464,1113.36686506289,39010924.81996257,44245.02727590906,881.7019046387525,538046079.4361011,403976.6418573373,0.8203126115998348,10.13044169547384,460024229.7961759,0.8549903946485476,12.792189801170094,231.66496042413746,0.11611878444610327,1.2627474877907339
India,47643768320.69836,72440788.10377693,657.692573035581,26173649128.762463,33350695.79177269,784.8006917810471,73817417449.46082,39090092.31200424,0.3695013140244709,2.1720922572670105,21470119191.935894,0.2908543800876729,1.8202952170067177,-127.10811874546619,-0.08811695821791192,0.8380377080746403
Indonesia,14751828280.232742,16931879.10863601,871.245783506017,37519716558.44881,59311826.46928065,632.5840695174237,52271544838.68155,-42379947.36064464,-0.5558484735154272,0.2854722256345542,-22767888278.216064,-0.4355694546331365,0.393175365737428,238.6617139885933,0.15870260422664534,1.3772806263848218
Iran,12998349895.31586,29286352.86674043,443.8364160420148,6907347261.801753,10624222.29697921,650.1508598672416,19905697157.11761,18662130.569761224,0.46759863753419095,2.756564391077118,6091002633.514108,0.30599293184444776,1.8818150300909144,-206.31444382522682,-0.18858943642991705,0.6826668138724673
Iraq,26326535.156455755,73298.58068173872,359.1684165177107,1040805595.2654852,1843631.1929775828,564.5411073700252,1067132130.4219408,-1770332.6122958441,-0.9235250224719339,0.03975772430024728,-1014479060.1090294,-0.9506592775047522,0.025294382809059046,-205.37269085231452,-0.22233471187775122,0.636213044238594
Ireland,69362021.01694681,101699.84044559706,682.0268420583321,588405209.861246,546844.258580202,1076.001440316756,657767230.8781928,-445144.41813460493,-0.6863749416628292,0.18597587676909189,-519043188.8442992,-0.7890985815017244,0.11788138489341948,-393.97459825842395,-0.2241002617581135,0.6338530939675651
Israel,8393546.455900788,10961.609282981804,765.7220978430602,913264606.233707,1200275.6441706794,760.8790619630707,921658152.6896076,-1189314.0348876975,-0.9819001450760758,0.009132576617894832,-904871059.7778062,-0.9817859877191852,0.009190705955983206,4.843035879989429,0.003172430368521707,1.0063650534258288
Italy,22852977921.98755,23439156.97242547,974.991461888859,73846538964.7567,109410848.27646089,674.9471384972743,96699516886.74425,-85971691.30403543,-0.6471335183086574,0.21423064843806963,-50993561042.76915,-0.5273403909814098,0.30946579545040215,300.0443233915847,0.18185181152884458,1.4445449225247682
Jamaica,100040.607421875,82.0704392027555,1218.9603028043275,20315216.13371086,22540.38257909057,901.2808927456329,20415256.741132736,-22458.312139887814,-0.9927443377483078,0.003641040204831642,-20215175.526288986,-0.9901994269589259,0.0049244175776140845,317.67941005869466,0.14983173175082715,1.3524754742008636
Japan,97780626916.53238,134108266.18939304,729.1170760379728,24211413559.06179,30140069.219066724,803.2965479636509,121992040475.59418,103968196.97032632,0.6329939156568848,4.449500935603546,73569213357.47058,0.6030656842090357,4.038617021596217,-74.17947192567817,-0.04840695146782353,0.9076561798831049
Jordan,15507097.845588684,28705.31126238779,540.2170247813143,1460162479.7447536,3027850.3824271536,482.2439339206297,1475669577.5903423,-2999145.071164766,-0.9812172169336539,0.009480425924935346,-1444655381.899165,-0.9789829673511186,0.010620118007894183,57.973090860684636,0.05669956428877621,1.1202152827291472
Kazakhstan,6942691034.813654,11935940.171322605,581.6626872422019,2148313490.8661127,4195297.256894512,512.0765846414326,9091004525.679768,7740642.914428093,0.47985425475717003,2.8450761508513356,4794377543.947541,0.5273759935334592,3.2316936351847994,69.58610260076921,0.06362220356312911,1.1358900302959467
Kenya,108496814.97948316,124526.42686195072,871.2754209173776,3216197859.2705984,5799037.92221594,554.6088683002814,3324694674.250081,-5674511.495353989,-0.9579555755543245,0.021473635546491895,-3107701044.2911153,-0.9347327645935153,0.03373449636089527,316.66655261709616,0.22208432690624696,1.5709727534426003
Kosovo,441466.3542709351,361.5508626538871,1221.0352674322094,25997990.212017067,32377.11226001165,802.9743357972874,26439456.566288,-32015.561397357764,-0.9779129122469525,0.011166865647262547,-25556523.85774613,-0.9666054895520181,0.016980787771313025,418.060931634922,0.2065508636756795,1.5206404650776564
Kuwait,255791832.25555623,416147.3114573839,614.66655007274,1073060937.7824644,2236555.6213761764,479.782808675332,1328852770.0380206,-1820408.3099187925,-0.6862465779288265,0.1860661579260542,-817269105.5269082,-0.6150185513053675,0.23837586780874084,134.88374139740807,0.12324347428162417,1.2811350030857058
Kyrgyzstan,5667211.604970932,8762.23299948697,646.7770949828368,98882964.87590164,120202.41503355646,822.6370896815746,104550176.48087256,-111440.1820340695,-0.8641141873664184,0.07289564853618666,-93215753.27093071,-0.8915886745345141,0.05731231473574135,-175.85999469873775,-0.11968034372752506,0.7862240872620885
Laos,122992.51579284672,150.15834797051622,819.085435176714,92771571.65222669,98006.51929063848,946.5857202530829,92894564.16801952,-97856.36094266796,-0.9969404354021972,0.001532126118316899,-92648579.13643384,-0.9973519975706998,0.0013257565178900867,-127.50028507636887,-0.07221066317149694,0.8653050829434867
Latvia,800064969.0151253,1096361.7704983717,729.7454093564763,1060398388.766912,1491520.667986429,710.9511866157796,1860463357.7820373,-395158.8974880574,-0.1526958456889649,0.7350630762485332,-260333419.7517867,-0.13992934537670484,0.7544947045284401,18.794222740696682,0.013045232974964708,1.0264353208694392
Lebanon,21399153.892606743,34225.58000590085,625.2386048364208,389947593.1588837,606069.8284367574,643.4037380885298,411346747.0514904,-571844.2484308566,-0.8930944075043578,0.05647134768971962,-368548439.26627696,-0.8959556430384116,0.05487699954564839,-18.165133252109058,-0.014318561376587803,0.9717671313099994
Lesotho,185731.1246538163,246.4596519771687,753.5964737588037,69897079.78581807,60217.96139261166,1160.7347404223813,70082810.91047189,-59971.50174063449,-0.9918477793148662,0.004092793018519681,-69711348.66116425,-0.9946996668015762,0.002657208644809517,-407.1382666635776,-0.2126791140673755,0.6492409053635945
Liberia,121057.00525283812,124.6118642685688,971.4725476855951,44986641.23879862,52592.90059971546,855.3747887227579,45107698.24405146,-52468.28873544689,-0.9952724679733816,0.0023693666416497853,-44865584.23354578,-0.9946325345798905,0.002690954512701713,116.09775896283725,0.06355088170152717,1.1357273565850519
Libya,1069450383.9770248,2752221.266216389,388.5771820400362,636050215.2969902,1247405.3484489778,509.8985795498265,1705500599.274015,1504815.917767411,0.37623909998241506,2.206356794636561,433400168.68003464,0.2541190362902958,1.6813930068047656,-121.3213975097903,-0.13503023976418768,0.7620675907414741
Liechtenstein,1124101.0655651095,1205.39246861721,932.5602198714952,36056316.22804452,47102.09580941711,765.4928216768602,37180417.29360963,-45896.7033407999,-0.9500950054915064,0.02559105806022789,-34932215.16247941,-0.9395326277976813,0.031176259339848654,167.06739819463496,0.09838762047285399,1.2182481578712434
Lithuania,110468092.08206367,187951.4815140453,587.7479187298057,542802788.1506048,555503.9141241681,977.1358479200126,653270880.2326685,-367552.43261012284,-0.49438397349258645,0.33834411735942105,-432334696.06854117,-0.6618000421426424,0.20351423112331812,-389.3879291902068,-0.24882865902802992,0.6015007227305391
Luxembourg,2548255689.945511,2926031.5952878064,870.8913786335457,3406333440.46406,4927975.125574407,691.2237488347744,5954589130.409571,-2001943.5302866008,-0.25489455273433065,0.5937594084237077,-858077750.518549,-0.14410360341008588,0.7480934366772828,179.66762979877137,0.11501561353544669,1.2599268762128686
Macao,24423.49046325684,26.273,929.6041739906686,4628666.750514984,5912.175889000826,782.9041012000814,4653090.240978241,-5885.902889000826,-0.9911515614629056,0.0044438799679283915,-4604243.260051727,-0.9895022493876576,0.0052765713713434845,146.70007279058723,0.08566386213476652,1.1873793642998123
Macedonia,398489409.4602903,377440.86711646273,1055.7664635115752,707946186.9430405,1392072.0437459978,508.555710261943,1106435596.4033308,-1014631.1766295352,-0.573395746592775,0.27113601541827376,-309456777.4827502,-0.2796880166262686,0.562880931926471,547.2107532496323,0.3498069402990238,2.0760094562064384
Malawi,76945.7954287529,105.17955297673244,731.5661005497395,37341372.30099535,40805.60055929643,915.1040981919368,37418318.0964241,-40700.421006319695,-0.9948581008385523,0.0025775763996878655,-37264426.5055666,-0.9958872659519079,0.0020606043829487723,-183.5379976421973,-0.1114600833745884,0.79943484243505
Malaysia,14376885898.71695,21601660.29341193,665.5454119469516,13985436443.688118,17907021.471120574,781.0029415692071,28362322342.405067,3694638.8222913556,0.09351460634174041,1.2063234708379535,391449455.0288315,0.013801741983715053,1.0279897918527598,-115.45752962225549,-0.07981587987820123,0.8521676123392367
Mali,456512.0316162109,1079.962817989546,422.71087857084905,88553664.92422487,125044.843792277,708.1752612792989,89010176.95584108,-123964.88097428744,-0.9828746961519361,0.008636604159253198,-88097152.89260866,-0.9897424755858492,0.005155202012326051,-285.4643827084498,-0.25242539690713367,0.5969015040249127
Malta,18070686.629476484,19644.061051926103,919.9058474573744,12217425.519991998,12331.136447617308,990.7785524790554,30288112.14946848,7312.924604308795,0.22870615902882915,1.5930454695213303,5853261.109484486,0.1932527547639579,1.4790912046000604,-70.87270502168099,-0.03709283700858131,0.9284676632892906
Mauritania,664479.5563278198,876.6360000000001,757.9879862654736,84043794.60330077,116376.16229285437,722.1736217062139,84708274.15962858,-115499.52629285437,-0.9850470775493053,0.007532779761150678,-83379315.04697295,-0.9843113423589379,0.007906348820448461,35.81436455925973,0.0241962528729125,1.049592457385309
Mauritius,1045207.9021835328,1511.2086750366666,691.6370448695133,90396395.25328064,160502.72982290966,563.2078367328663,91441603.15546416,-158991.521147873,-0.9813447078807256,0.009415470233459925,-89351187.3510971,-0.9771393355734036,0.011562495376668246,128.42920813664693,0.10234668046989895,1.228031642602235
Mexico,13539792999.489788,19237439.62572288,703.8251068185486,52557883586.80927,69936937.06116624,751.5039376237281,66097676586.29906,-50699497.43544336,-0.5685433340729754,0.27506837494038355,-39018090587.31949,-0.5903095630960088,0.25761678506567454,-47.67883080517947,-0.03276154694174426,0.9365554477918758
Moldova,565816.7511410713,758.899360430784,745.5754750140906,163139459.6104641,272283.6471877101,599.1526163816849,163705276.36160517,-271524.7478272793,-0.9944411640601443,0.002787164665484318,-162573642.85932302,-0.9930873730680342,0.003468301001438273,146.42285863240568,0.10888659169782379,1.244383241646613
Mongolia,766410.0,1655.6816322057412,462.8969634572615,38126221.3407414,47735.19420111373,798.702550158513,38892631.3407414,-46079.51256890799,-0.9329559719575248,0.034684715541957754,-37359811.3407414,-0.960588421324059,0.020101913408896357,-335.80558670125146,-0.26617447381445525,0.5795611437141318
Montenegro,6056605.412387848,6520.964671117722,928.7897907518826,14811380.71090734,15423.501667553575,960.3124523963352,20867986.123295188,-8902.536996435854,-0.40568482546087237,0.4227940458447174,-8754775.298519492,-0.4195313935323366,0.4089156528079564,-31.52266164445257,-0.016686583142222926,0.967174577851415
Morocco,136398069.62335443,173355.29201418167,786.8122630614364,4960582638.335447,9354664.376488416,530.2790606580336,5096980707.958801,-9181309.084474234,-0.9636114747774391,0.01853142828404244,-4824184568.712093,-0.9464788754603791,0.027496380882614146,256.5332024034028,0.19477252471677686,1.483770190897347
Mozambique,2897961.280765533,3343.5461162490847,866.7328578726394,310134180.1711422,393823.1995701315,787.4959639494624,313032141.4519077,-390479.6534538824,-0.9831630107376144,0.008489967375966308,-307236218.8903767,-0.9814845768404217,0.009344217651747843,79.23689392317704,0.047899597007322776,1.1006187936834455
Myanmar,88331999.89414763,107669.43292648182,820.3999732631818,605449035.1433009,806487.4928829357,750.723403011513,693781035.0374485,-698818.0599564539,-0.7644399339180227,0.13350415707204327,-517117035.24915326,-0.7453605808369216,0.14589502132618107,69.67657025166875,0.04434824871416496,1.092812572476311
Namibia,1040532.8547806815,1125.6073811501226,924.4190045355658,188429361.63074657,194605.4807645825,968.2633854423284,189469894.48552725,-193479.87338343236,-0.9884984302512838,0.0057840476883165935,-187388828.7759659,-0.9890163779569724,0.005522137557413954,-43.84438090676258,-0.023165207822995946,0.9547185388129353
Nepal,153784916.45226294,171350.46092644116,897.4876146862604,5783406532.16074,12012548.283439804,481.44709979094097,5937191448.613003,-11841197.822513362,-0.9718726387141599,0.014264289048699232,-5629621615.708477,-0.9481960729131654,0.026590715281224978,416.0405148953194,0.3017115390071631,1.8641458533574653
Netherlands,28872909542.07013,34210143.1481234,843.9868087384474,19576800096.55731,23396425.833564617,836.7431947008052,48449709638.62744,10813717.314558782,0.18771673970022842,1.4621952682638122,9296109445.512821,0.1918713138809262,1.4748533672337798,7.243614037642146,0.004309802301868621,1.0086569141924508
Netherlands Antilles,730226.584634304,938.3123984737396,778.2339717796458,1053729.015472412,971.1397483390234,1085.04364822328,1783955.6001067162,-32.82734986528385,-0.01719202542995325,0.9661970896347002,-323502.43083810806,-0.18133995645337594,0.6929927656086474,-306.8096764436341,-0.1646612792156825,0.7172374798506733
New Caledonia,4.61396503448486,0.012,384.4970862070716,42204836.82270622,41928.98864061408,1006.57893717534,42204841.43667126,-41928.97664061408,-0.9999994276038151,2.861981743193377e-07,-42204832.20874119,-0.9999997813537558,1.093231340726934e-07,-622.0818509682683,-0.44719471870104677,0.38198403722419094
New Zealand,292906784.9227119,472456.6529839232,619.9654149704163,434857083.18887854,369715.16461617645,1176.194878671882,727763868.1115904,102741.48836774676,0.12199587568784326,1.27789362785378,-141950298.26616663,-0.1950499392536494,0.6735702285789581,-556.2294637014656,-0.3096769623904389,0.5270941288831826
Nicaragua,657158.1378479005,662.626653476019,991.7472145144908,225381866.26347265,234551.3050027336,960.9064688889534,226039024.40132052,-233888.6783492576,-0.9943657533479394,0.002825081930233969,-224724708.12562475,-0.9941854452823938,0.0029157542651620386,30.84074562553735,0.01579427314104282,1.0320954709163286
Niger,2360027.846923828,5465.967116571426,431.7676628110005,9250626.033773422,13161.780554819958,702.8400143311737,11610653.88069725,-7695.813438248531,-0.41313708849877817,0.41529085626410495,-6890598.186849594,-0.5934720178253902,0.25512087920401527,-271.07235152017324,-0.2389128480101109,0.6143185561537399
Nigeria,17324622.351454735,33957.999562221536,510.17794259967167,3047289512.748087,4353974.755921199,699.8868122981003,3064614135.0995417,-4320016.756358977,-0.984522096643443,0.007799310162751924,-3029964890.396632,-0.9886937659439516,0.005685256448059363,-189.7088696984286,-0.15677579975003525,0.7289435000560825
Norway,7645786608.97175,6952139.485126342,1099.7746269805752,749719670.8594025,815669.6380944368,919.146227645415,8395506279.831153,6136469.847031904,0.7899872087082812,8.523229455209211,6896066938.112348,0.8213997712894378,10.198193946555246,180.62839933516022,0.089467796085856,1.1965175876289864
Oman,10091999744.029812,18964542.340380017,532.1509774871575,3539854980.886858,7223471.856091901,490.0489752585564,13631854724.91667,11741070.484288115,0.4483375637496747,2.625405444666654,6552144763.142954,0.48064954442089,2.850964177493342,42.10200222860112,0.041187638598017585,1.0859138664791361
"Other Africa, nes.",15356.17006874085,34.02,451.3865393515829,2641.0,6.055,436.168455821635,17997.170068740852,27.965000000000003,0.6978165938864629,5.61849710982659,12715.17006874085,0.7065094134341561,5.814528613684533,15.218083529947876,0.017146073891430094,1.0348903808306833
"Other Europe, nes.",70215598.84230804,110658.44673907252,634.525433091187,7827539.493635178,6882.440608839976,1137.3203109927738,78043138.33594322,103776.00613023255,0.8828928253966903,16.078372924415806,62388059.34867287,0.799404799434362,8.970328274856051,-502.7948779015868,-0.28376899037649034,0.5579126891150883
Pakistan,623348302.6259828,1246880.6258047957,499.9262076300562,6556749045.212984,12143138.62057919,539.9550519913481,7180097347.838966,-10896257.994774396,-0.8137596962541307,0.1026819066111693,-5933400742.587002,-0.8263677294532518,0.09506972103516498,-40.02884436129193,-0.03849366837889306,0.9258663397746424
Panama,19987876.03090477,32143.090209493294,621.8405231305811,60328932.992385626,72866.32597116737,827.9398225218231,80316809.0232904,-40723.23576167408,-0.3878055629945877,0.44112406905505375,-40341056.961480856,-0.5022741497334972,0.33131492700902776,-206.09929939124197,-0.14215898291716517,0.7510697108837164
Papua New Guinea,178084.2303466797,199.6601318075164,891.9368565696578,77642673.70861483,82383.17149583912,942.4579352657754,77820757.9389615,-82183.51136403161,-0.9951646092081766,0.0024235548132254233,-77464589.47826815,-0.9954232203575719,0.0022936385603490672,-50.52107869611757,-0.027541006396757096,0.9463943410038025
Paraguay,38165865.30957031,42320.45803385925,901.8301569192616,322874645.4866161,426316.7143045757,757.3586365556923,361040510.7961864,-383996.25627071643,-0.8193892395573915,0.09926999485087985,-284708780.17704576,-0.7885784881845815,0.11820644898285262,144.4715203635693,0.08707358736493911,1.1907570778100522
Peru,36851469.29283602,68836.92276893489,535.3445187626335,4710255684.692852,7113891.071406039,662.1208614826153,4747107153.985688,-7045054.148637105,-0.9808326522110374,0.009676409447091727,-4673404215.400016,-0.9844741363118819,0.007823666433351811,-126.77634271998181,-0.10587057029909056,0.8085299073101165
Philippines,48120892.345314026,64865.399116099565,741.8576467738166,14615563751.13028,25147440.13628168,581.1948918825959,14663684643.475594,-25082574.73716558,-0.9948544650924503,0.002579403659560341,-14567442858.784966,-0.9934367256913528,0.003292441753510373,160.66275489122063,0.12143338998039867,1.2764352494062787
Poland,8531237834.725442,11051151.692732312,771.9772628165019,25450222254.4314,29851304.099404823,852.5665133316176,33981460089.15684,-18800152.40667251,-0.4596338298661899,0.37020666353242004,-16918984419.70596,-0.4978886832795229,0.33521270460575175,-80.58925051511562,-0.049607312341066655,0.9054745298402668
Portugal,1872040237.2600727,3038911.4638033323,616.0232897726911,5320579558.853287,6591251.63690889,807.21839370534,7192619796.113359,-3552340.1731055574,-0.3688764287743824,0.46105226005731675,-3448539321.593214,-0.47945524987386157,0.3518489323489305,-191.19510393264886,-0.13433776297600977,0.7631432764372301
Qatar,2389138571.9729977,4701796.867311125,508.1330902624264,1237104700.657322,2270880.7751090424,544.7686704723277,3626243272.63032,2430916.0922020823,0.3486345155859419,2.0704727957747386,1152033871.3156757,0.31769348736496666,1.9312339292733713,-36.63558020990132,-0.03479487030616764,0.932750207206047
Romania,3098565224.350829,3983795.534419735,777.7922329545848,5306063478.742906,6865588.884976236,772.8489962971722,8404628703.093735,-2881793.350556501,-0.26561814377270837,0.5802554742445118,-2207498254.3920765,-0.26265268013321025,0.583966859191238,4.943236657412626,0.0031878661318697973,1.0063961222452205
Russia,118138841675.87964,251523417.80480725,469.6932107035869,6601313637.609305,8312270.989332922,794.1648733638165,124740155313.48894,243211146.81547433,0.9360190201129879,30.259289925410933,111537528038.27034,0.8941589639515952,17.89626249581805,-324.4716626602296,-0.25673108931344624,0.591430352130942
Réunion,2690949.111328125,2391.799902182305,1125.0728411155435,14683327.538036346,18555.097871049227,791.3365717647953,17374276.64936447,-16163.297968866922,-0.7716320642726547,0.12890257538949088,-11992378.426708221,-0.6902375660713844,0.18326561907424394,333.7362693507482,0.17414664481800207,1.4217374518739454
Saudi Arabia,1351689210.712078,2307398.4623407223,585.8065838099188,12584401527.03461,21105114.62423585,596.2725979504247,13936090737.746689,-18797716.161895126,-0.8028918592542159,0.1093288761242284,-11232712316.322533,-0.8060160146559678,0.10740989214372201,-10.466014140505877,-0.008853902768949849,0.982447601690098
Senegal,166780885.69485858,225916.61989067867,738.2408862861176,319303606.19341475,480418.4706217366,664.6364070477681,486084491.88827336,-254501.85073105793,-0.36031319150012486,0.4702496546361077,-152522720.49855617,-0.3137782073771931,0.5223269717593882,73.60447923834954,0.05246679776492157,1.1107439773955379
Serbia,2798319921.5299377,3873873.6434411616,722.3570459681257,823856481.4214922,910881.3100073437,904.4608472808058,3622176402.95143,2962992.333433818,0.6192568610641821,4.252885201267254,1974463440.1084456,0.545104164032323,3.3966109202681536,-182.10380131268005,-0.11193865156535687,0.7986603821932574
Seychelles,353319.2265319825,377.3329646221099,936.3592891647392,2353778.055774987,4813.162975174496,489.0293696505578,2707097.2823069696,-4435.830010552386,-0.8546061998704131,0.07839604986748451,-2000458.8292430048,-0.7389682086113387,0.15010728206302834,447.32991951418137,0.31383013801020204,1.9147301722058672
Sierra Leone,2840241.536046028,4342.326728254175,654.0828716470036,88553527.33355832,98167.33699775736,902.0671237682787,91393768.86960436,-93825.01026950318,-0.9152796610500962,0.04423392608025392,-85713285.7975123,-0.9378460573149504,0.03207372559364654,-247.98425212127518,-0.15935755091211296,0.7250933488348957
Singapore,634285908.1226939,719744.3820092916,881.2655214507886,3376929017.681312,3674381.2220852096,919.0469941942788,4011214925.804006,-2954636.840075918,-0.6724060953839713,0.19588179301679454,-2742643109.558618,-0.6837437435514339,0.18782920955744908,-37.78147274349021,-0.02098606348351291,0.958890597562301
Slovakia,16890024574.056343,19608502.27134001,861.3622978611161,5539329183.815034,5815015.346823553,952.5906387918455,22429353757.871376,13793486.924516456,0.5425483259901787,3.372046521261743,11350695390.24131,0.506064308083682,3.0491101022495806,-91.22834093072947,-0.05029256221997722,0.9042313274814113
Slovenia,2144895287.277636,2042145.828895544,1050.314456944371,4199631618.583604,4851718.366958234,865.5967434516498,6344526905.86124,-2809572.5380626908,-0.40754683559801924,0.4209118655367993,-2054736331.3059678,-0.32385966074282835,0.5107341505350981,184.71771349272115,0.09641246079387177,1.2133992703763437
Solomon Islands,12276.3251953125,26.959999809265145,455.35331165297663,4113144.673194885,4312.599608074185,953.750648563369,4125420.998390197,-4285.63960826492,-0.9875747761315279,0.006251449765656376,-4100868.3479995723,-0.9940484497460488,0.0029846567944270402,-498.3973369103924,-0.3536980598889747,0.47743434024278103
Somalia,109825.24609375,124.373,883.0312535176445,235522341.90183225,289701.9035331136,812.9816857586214,235632167.147926,-289577.5305331136,-0.9991417410354384,0.0004293137134522966,-235412516.6557385,-0.9990678246741685,0.000466305001924302,70.04956775902303,0.041302496069938625,1.08616377095095
South Africa,12257902367.30416,16690590.773393253,734.4199216030557,2992357290.453191,3678157.710439392,813.5478481415427,15250259657.75735,13012433.062953861,0.6388430331535716,4.5377583255937655,9265545076.850967,0.6075663814771745,4.096403329379062,-79.12792653848692,-0.05111729590567791,0.9027372185677269
South Korea,86616233901.05627,107444711.18540026,806.14702152809,42472793396.88966,60549392.86102453,701.4569657927864,129089027297.94594,46895318.324375734,0.2791485962591658,1.774496920753802,44143440504.16661,0.3419612141183825,2.0393345239072334,104.69005573530364,0.06944134972828349,1.1492465836688683
Spain,10068061157.003126,10467078.359705975,961.8788367689206,29131592752.95228,40559750.334810935,718.2389564156096,39199653909.95541,-30092671.975104958,-0.5897421561363575,0.25806565063400966,-19063531595.94915,-0.4863188751548556,0.34560627159607676,243.639880353311,0.14501357068036935,1.3392184149537116
Sri Lanka,2989663.5778913503,5036.101667023462,593.6463907128311,2438911130.568651,4968606.899378418,490.8641758062533,2441900794.1465425,-4963570.797711395,-0.9979748841378584,0.0010135842438357295,-2435921466.99076,-0.9975513636057142,0.0012258189896383338,102.78221490657785,0.09477290316909896,1.2093903364158858
Sudan,64004.76171875,106.0,603.8185067806604,1123117268.433293,2041142.408730516,550.239544105016,1123181273.195012,-2041036.408730516,-0.999896141988847,5.1931702338165844e-05,-1123053263.6715744,-0.9998860295069972,5.6988494004757196e-05,53.57896267564445,0.04642657501893039,1.0973738860641005
Swaziland,12817019.900778532,21108.29218558748,607.2030739431331,73996791.467937,61765.31320458309,1198.031510385773,86813811.36871552,-40657.02101899561,-0.4905907113318113,0.34174994168120254,-61179771.56715846,-0.7047239442963263,0.17321048178598636,-590.8284364426398,-0.32728623834906184,0.5068339761344093
Sweden,8422670348.274239,7447565.193708578,1130.929388223334,5389210372.301744,5593644.901986075,963.4523582982996,13811880720.575983,1853920.2917225035,0.1421586093712688,1.3314333183831981,3033459975.972494,0.21962685874150764,1.5628765192695375,167.47702992503434,0.07996490143364818,1.1738301105213351
Switzerland,1408296397.2502818,1661782.5644672574,847.4612908829986,6103397995.57134,5747996.137553814,1061.830566603125,7511694392.821621,-4086213.5730865565,-0.551462295624566,0.2891064163405067,-4695101598.321058,-0.6250389529701614,0.23073972863512254,-214.36927572012632,-0.11227685012095347,0.7981134820728418
Taiwan,28330903076.239098,36009278.08063352,786.7667608553363,41140432943.57359,69094127.1780571,595.4259012137715,69471336019.81268,-33084849.097423583,-0.31478379807002416,0.5211626450948111,-12809529867.334496,-0.18438582876369786,0.6886389143035154,191.34085964156486,0.13843284289697527,1.321351253365898
Tanzania,7987267.5365727395,8279.022119158257,964.7597773763188,1418952346.4156196,2269442.161685509,625.2427888982935,1426939613.9521923,-2261163.1395663507,-0.9927304341040292,0.003648042791718229,-1410965078.879047,-0.9888050377766857,0.005628989272789307,339.51698847802527,0.21353235251281139,1.5430162402612748
Thailand,2226446602.5277267,3075984.626781229,723.8159069922025,50471604095.34838,76276484.82920644,661.6928429300493,52698050697.87611,-73200500.20242521,-0.9224728695182625,0.040326774807055966,-48245157492.820656,-0.9155017472926201,0.044112855979802766,62.12306406215316,0.04483772770517632,1.0938850476107091
Togo,116496.79819107056,188.01,619.6308610769138,313978496.58529145,430756.0832376103,728.9008996121295,314094993.3834825,-430568.0732376103,-0.999127450623177,0.00043646510709006373,-313861999.7871004,-0.9992582065894388,0.00037103432068770514,-109.27003853521569,-0.08102889506983749,0.8500893076228035
Tokelau,390005.0480957031,674.408999991417,578.2915828535305,153468.16625976562,249.68100130558025,614.6569641153377,543473.2143554688,424.7279986858367,0.4596175676500276,2.7010825672155145,236536.8818359375,0.43523190396137196,2.541276523989782,-36.365381261807215,-0.030483612519757924,0.9408362983177989
Tunisia,250415459.99090672,281531.0711859977,889.477168313923,2485710272.5163093,4931797.557658953,504.0170938598374,2736125732.507216,-4650266.486472955,-0.8919956552793132,0.05708487988295207,-2235294812.5254025,-0.8169561749185835,0.10074201436895888,385.4600744540856,0.2766140377591458,1.7647757965948643
Turkey,12229341387.84479,17569796.510663092,696.0434277325189,57540619868.62232,100549185.6202316,572.263410326861,69769961256.46712,-82979389.1095685,-0.7025068080726778,0.17473832733984726,-45311278480.777534,-0.6494382061388566,0.21253405708466508,123.78001740565787,0.09759469372179061,1.2162990244911136
Turkmenistan,136185.8984375,163.5250009155273,832.8139286044099,163975231.91294885,274960.903157767,596.3583550598943,164111417.81138635,-274797.3781568515,-0.998811265128219,0.0005947209186380216,-163839046.01451135,-0.9983403239061158,0.0008305272500532176,236.45557354451557,0.16544931373722066,1.3964991377051597
Uganda,18247623.45727539,31515.479804260256,579.0050975142914,161600393.6308586,250376.880391288,645.4285770248041,179848017.088134,-218861.40058702775,-0.776400610627418,0.1258721642150345,-143352770.1735832,-0.7970772905621395,0.11291818693807248,-66.42347951051272,-0.054248327934558,0.8970862433505791
Ukraine,56015775438.24426,114322400.65912314,489.9807484385091,2345126047.08861,2804589.328890389,836.1744883399522,58360901485.33287,111517811.33023275,0.9521102808297661,40.76261700116851,53670649391.155655,0.9196336592683381,23.886040372024283,-346.19373990144305,-0.26105069022117494,0.5859790692864385
United Arab Emirates,6339154327.750967,12172791.617565868,520.7642196555219,11985357512.251287,18655159.369169887,642.4687816957851,18324511840.00225,-6482367.751604019,-0.2102756603704595,0.6525160882668745,-5646203184.50032,-0.3081229794168217,0.5289082383459284,-121.70456204026323,-0.10462612554740212,0.8105673528307069
United Kingdom,11604294053.246311,17073172.961715903,679.6799914853112,11520807745.771383,13612332.465492263,846.3507466466185,23125101799.017693,3460840.4962236397,0.11278421026609482,1.2542430186007425,83486307.4749279,0.0036102028090736547,1.0072465671953923,-166.67075516130728,-0.10921847836783095,0.8030712965969672
United States,34745455876.0,35514368.642055325,978.349248615255,109687330878.0,174297595.43377647,629.3106373901479,144432786754.0,-138783226.79172114,-0.6614647901659272,0.2037570773920908,-74941875002.0,-0.5188702419045759,0.31676817730796747,349.03861122510705,0.2171097346294887,1.554636439442095
Uruguay,17409336.03515625,37202.230203125,467.9648488840828,241239705.41844177,364082.1448189305,662.5969135026324,258649041.453598,-326879.9146158055,-0.8145842075157784,0.10218086970902361,-223830369.38328552,-0.8653825590281222,0.07216613038454397,-194.63206461854963,-0.17215518080822428,0.7062587213247313
Uzbekistan,60656878.28821588,89416.8247970569,678.3609060809813,3191364857.8700657,6372960.516739592,500.7664568903949,3252021736.158282,-6283543.691942535,-0.9723269564522845,0.014030657268657076,-3130707979.5818496,-0.9626958961474397,0.019006563332498002,177.59444919058637,0.15061515385670646,1.3546452577782326
Vanuatu,46651.453125,36.8899993896484,1264.6097559462344,2470548.037197113,2592.603369656345,952.9217103210776,2517199.490322113,-2555.7133702666965,-0.9719413634398839,0.01422894061675861,-2423896.584072113,-0.9629338450890674,0.018883038266249225,311.68804562515675,0.14055631244313735,1.3270867294230673
Venezuela,1948382659.915436,5264370.964701175,370.1074018111171,603409278.5291748,640117.6431581085,942.6537215130832,2551791938.4446106,4624253.321543066,0.7831759240568038,8.224067905281718,1344973381.3862612,0.5270701584730535,3.228957076471657,-572.546319701966,-0.4361389970569456,0.39262286178327077
Vietnam,13995267143.39912,21466886.08569989,651.9467745590747,29334769277.22248,45579017.054213,643.6024989817322,43330036420.6216,-24112130.968513113,-0.35963615730845444,0.4709817690927067,-15339502133.82336,-0.354015445196418,0.47708802517379956,8.3442755773425,0.006440724214631481,1.012964952110261
Yemen,10370490.733909609,13155.95725,788.2733682423304,422774093.16598725,578361.5757268027,730.9857897020645,433144583.89989686,-565205.6184768027,-0.9555179465812523,0.022746942055179686,-412403602.43207765,-0.9521153392221277,0.024529626818543027,57.28757854026594,0.037707574932625595,1.0783703039748764
Zambia,390681675.2369068,362123.91395746026,1078.8618486068867,270737302.60044974,353322.82256249344,766.2604431746366,661418977.8373566,8801.091394966817,0.01230153265884854,1.0249094902252178,119944372.63645709,0.18134401439257083,1.4430286166124262,312.6014054322501,0.16942042639917576,1.4079571224336396
Zimbabwe,2298474.088559568,4448.212240525824,516.7186195881393,206839915.5725779,216470.9331273131,955.5089571814664,209138389.66113743,-212022.72088678728,-0.9597299524844769,0.020548773806549337,-204541441.48401833,-0.9780195870085474,0.011112333333713136,-438.7903375933271,-0.2980451830389773,0.5407784152147997
